evidence_id,assertion_id,subject_id,predicate,object_entity_id,object_literal,assertion_status,assertion_method,confidence,passage_id,passage_text,source_id,source_title,edition_id,locator_id,locator_label,stable_url,relation,basis,directness,dataset_version,data_license,citation
chs:evidence:period-pre-reform-system,chs:assertion:period-pre-reform-system,chs:period:north-song-pre-yuanfeng,uses_separated_official_identity_layers,,《宋史·职官志》概括宋初受授有官、职、差遣之别，官偏于禄秩叙位，差遣治事。,reviewed,manual_curation,high,chs:passage:song-shi-161-system,故三省、六曹、二十四司，类以他官主判，虽有正官，非别敕不治本司事。其官人受授之别，则有官、有职、有差遣。官以寓禄秩、叙位著，职以待文学之选，而别为差遣以治内外之事。,chs:source:song-shi,《宋史》,chs:edition:song-shi-wikisource-zh-hans,chs:locator:song-shi-161-system,《宋史》卷161《职官一》序，第2段,https://zh.wikisource.org/zh-hans/宋史/卷161#序,supports,explicit_statement,direct,0.3.1-research.1,CC BY 4.0；第三方短引文仍遵循各来源标注的权利和引用条件,除授项目组：《除授北宋文官制度研究种子集》，0.3.1-research.1，2026-07-13。
chs:evidence:yuanfeng-reform-start,chs:assertion:yuanfeng-reform-start,chs:reform:yuanfeng-office-reform,reorganizes_official_system,,元丰三年开始详定并下诏更新官制，罢去省、台、寺、监领空名者并上《寄禄格》。,reviewed,source_transcription,high,chs:passage:song-shi-161-reform,元豐三年，以摹本赐群臣，乃置局中书，命翰林学士张璪等详定。八月，下诏肇新官制，省、臺、寺、监领空名者一切罢去，而易之以阶。九月，详定所上《寄禄格》。,chs:source:song-shi,《宋史》,chs:edition:song-shi-wikisource-zh-hans,chs:locator:song-shi-161-reform,《宋史》卷161《职官一》序，第3段,https://zh.wikisource.org/zh-hans/宋史/卷161#序,supports,explicit_statement,direct,0.3.1-research.1,CC BY 4.0；第三方短引文仍遵循各来源标注的权利和引用条件,除授项目组：《除授北宋文官制度研究种子集》，0.3.1-research.1，2026-07-13。
chs:evidence:period-yuanyou-career,chs:assertion:period-yuanyou-career-context,chs:period:yuanyou,contains_documented_career_changes,,苏轼传在元祐时期连续记载朝奉郎、知登州、中书舍人、翰林学士、龙图阁学士与知杭州等变化。,reviewed,source_transcription,high,chs:passage:song-shi-338-yuanyou,神宗崩，哲宗立，复朝奉郎、知登州，召为礼部郎中。迁起居舍人。元祐元年，轼以七品服入侍延和，即赐银绯，迁中书舍人。寻除翰林学士。,chs:source:song-shi,《宋史》,chs:edition:song-shi-wikisource-zh-hans,chs:locator:song-shi-338-yuanyou,《宋史》卷338苏轼传元祐任官诸段,https://zh.wikisource.org/zh-hans/宋史/卷338#苏轼,supports,explicit_statement,direct,0.3.1-research.1,CC BY 4.0；第三方短引文仍遵循各来源标注的权利和引用条件,除授项目组：《除授北宋文官制度研究种子集》，0.3.1-research.1，2026-07-13。
chs:evidence:period-shaosheng-punitive,chs:assertion:period-shaosheng-punitive-context,chs:period:shaosheng-huizong-opening,contains_documented_punitive_changes,,苏轼传在绍圣初连续记载知英州未至、贬宁远军节度副使、惠州安置与再贬琼州别驾等变化。,reviewed,source_transcription,high,chs:passage:song-shi-338-late,绍圣初，御史论轼掌内外制日，所作词命，以为讥斥先朝。遂以本官知英州，寻降一官，未至，贬宁远军节度副使，惠州安置。居三年，又贬琼州别驾，居昌化。,chs:source:song-shi,《宋史》,chs:edition:song-shi-wikisource-zh-hans,chs:locator:song-shi-338-late,《宋史》卷338苏轼传绍圣以后诸段,https://zh.wikisource.org/zh-hans/宋史/卷338#苏轼,supports,explicit_statement,direct,0.3.1-research.1,CC BY 4.0；第三方短引文仍遵循各来源标注的权利和引用条件,除授项目组：《除授北宋文官制度研究种子集》，0.3.1-research.1，2026-07-13。
chs:evidence:su-shi-identity,chs:assertion:su-shi-identity,chs:person:su-shi,has_name_and_courtesy_name,,"{""name"":""苏轼"",""courtesyName"":""子瞻"",""origin"":""眉州眉山""}",reviewed,source_transcription,high,chs:passage:song-shi-338-identity,苏轼，字子瞻，眉州眉山人。,chs:source:song-shi,《宋史》,chs:edition:song-shi-wikisource-zh-hans,chs:locator:song-shi-338-identity,《宋史》卷338苏轼传首段,https://zh.wikisource.org/zh-hans/宋史/卷338#苏轼,supports,explicit_statement,direct,0.3.1-research.1,CC BY 4.0；第三方短引文仍遵循各来源标注的权利和引用条件,除授项目组：《除授北宋文官制度研究种子集》，0.3.1-research.1，2026-07-13。
chs:evidence:pre-reform-rank-song-shi,chs:assertion:pre-reform-rank-principle,chs:institution-version:official-identity-pre-reform,distinguishes_rank_from_duty,,北宋前期正官可主要关联禄秩与叙位，实际治事另见差遣。,reviewed,scholarly_interpretation,high,chs:passage:song-shi-161-system,故三省、六曹、二十四司，类以他官主判，虽有正官，非别敕不治本司事。其官人受授之别，则有官、有职、有差遣。官以寓禄秩、叙位著，职以待文学之选，而别为差遣以治内外之事。,chs:source:song-shi,《宋史》,chs:edition:song-shi-wikisource-zh-hans,chs:locator:song-shi-161-system,《宋史》卷161《职官一》序，第2段,https://zh.wikisource.org/zh-hans/宋史/卷161#序,supports,explicit_statement,direct,0.3.1-research.1,CC BY 4.0；第三方短引文仍遵循各来源标注的权利和引用条件,除授项目组：《除授北宋文官制度研究种子集》，0.3.1-research.1，2026-07-13。
chs:evidence:pre-reform-rank-gong,chs:assertion:pre-reform-rank-principle,chs:institution-version:official-identity-pre-reform,distinguishes_rank_from_duty,,北宋前期正官可主要关联禄秩与叙位，实际治事另见差遣。,reviewed,scholarly_interpretation,high,chs:passage:gong-2019-abstract-short,北宋前期，“官”变成了“禄”。,chs:source:gong-2019-salary-office,龚延明《宋代文官寄禄官制度》,chs:edition:gong-2019-journal-page,chs:locator:gong-2019-abstract,龚延明《宋代文官寄禄官制度》摘要,https://xb-zsb.hbu.edu.cn/CN/10.3969/j.issn.1005-6378.2019.06.001,supports,secondary_scholarship,indirect,0.3.1-research.1,CC BY 4.0；第三方短引文仍遵循各来源标注的权利和引用条件,除授项目组：《除授北宋文官制度研究种子集》，0.3.1-research.1，2026-07-13。
chs:evidence:prefectural-government,chs:assertion:prefectural-government-principle,chs:institution-version:prefectural-government-northern-song,uses_zhizhou_and_tongpan,,《宋史·职官志》称外官用文臣知州，并设通判以贰之。,reviewed,source_transcription,high,chs:passage:song-shi-161-local,外官，则惩五代藩镇专恣，颇用文臣知州，復设通判以贰之。,chs:source:song-shi,《宋史》,chs:edition:song-shi-wikisource-zh-hans,chs:locator:song-shi-161-system,《宋史》卷161《职官一》序，第2段,https://zh.wikisource.org/zh-hans/宋史/卷161#序,supports,explicit_statement,direct,0.3.1-research.1,CC BY 4.0；第三方短引文仍遵循各来源标注的权利和引用条件,除授项目组：《除授北宋文官制度研究种子集》，0.3.1-research.1，2026-07-13。
chs:evidence:usage-dali-case,chs:assertion:usage-dali-pingshi,chs:title-usage:dali-pingshi-pre-reform,appears_as_pre_reform_official_component,,苏轼凤翔任命中，大理评事与签书凤翔府判官并列；结合宋初制度概括，不能只凭名称断定他在大理寺实际任事。,reviewed,scholarly_interpretation,medium,chs:passage:song-shi-338-fengxiang,除大理评事、签书凤翔府判官。,chs:source:song-shi,《宋史》,chs:edition:song-shi-wikisource-zh-hans,chs:locator:song-shi-338-fengxiang,《宋史》卷338苏轼传“除大理评事”段,https://zh.wikisource.org/zh-hans/宋史/卷338#苏轼,supports,explicit_statement,direct,0.3.1-research.1,CC BY 4.0；第三方短引文仍遵循各来源标注的权利和引用条件,除授项目组：《除授北宋文官制度研究种子集》，0.3.1-research.1，2026-07-13。
chs:evidence:usage-dali-system,chs:assertion:usage-dali-pingshi,chs:title-usage:dali-pingshi-pre-reform,appears_as_pre_reform_official_component,,苏轼凤翔任命中，大理评事与签书凤翔府判官并列；结合宋初制度概括，不能只凭名称断定他在大理寺实际任事。,reviewed,scholarly_interpretation,medium,chs:passage:song-shi-161-system,故三省、六曹、二十四司，类以他官主判，虽有正官，非别敕不治本司事。其官人受授之别，则有官、有职、有差遣。官以寓禄秩、叙位著，职以待文学之选，而别为差遣以治内外之事。,chs:source:song-shi,《宋史》,chs:edition:song-shi-wikisource-zh-hans,chs:locator:song-shi-161-system,《宋史》卷161《职官一》序，第2段,https://zh.wikisource.org/zh-hans/宋史/卷161#序,supports,contextual_inference,indirect,0.3.1-research.1,CC BY 4.0；第三方短引文仍遵循各来源标注的权利和引用条件,除授项目组：《除授北宋文官制度研究种子集》，0.3.1-research.1，2026-07-13。
chs:evidence:usage-qianshu,chs:assertion:usage-qianshu-panguan,chs:title-usage:qianshu-fengxiang-panguan,appears_as_fengxiang_assignment,,签书凤翔府判官在该任命中是与大理评事并列的凤翔府成分。,reviewed,manual_curation,high,chs:passage:song-shi-338-fengxiang,除大理评事、签书凤翔府判官。,chs:source:song-shi,《宋史》,chs:edition:song-shi-wikisource-zh-hans,chs:locator:song-shi-338-fengxiang,《宋史》卷338苏轼传“除大理评事”段,https://zh.wikisource.org/zh-hans/宋史/卷338#苏轼,supports,explicit_statement,direct,0.3.1-research.1,CC BY 4.0；第三方短引文仍遵循各来源标注的权利和引用条件,除授项目组：《除授北宋文官制度研究种子集》，0.3.1-research.1，2026-07-13。
chs:evidence:usage-tongpan,chs:assertion:usage-tongpan,chs:title-usage:tongpan-northern-song,serves_as_prefectural_second_official,,通判是州级实际工作层成分，《宋史·职官志》以“贰之”说明其与知州的副贰／牵制关系。,reviewed,scholarly_interpretation,high,chs:passage:song-shi-161-local,外官，则惩五代藩镇专恣，颇用文臣知州，復设通判以贰之。,chs:source:song-shi,《宋史》,chs:edition:song-shi-wikisource-zh-hans,chs:locator:song-shi-161-system,《宋史》卷161《职官一》序，第2段,https://zh.wikisource.org/zh-hans/宋史/卷161#序,supports,explicit_statement,direct,0.3.1-research.1,CC BY 4.0；第三方短引文仍遵循各来源标注的权利和引用条件,除授项目组：《除授北宋文官制度研究种子集》，0.3.1-research.1，2026-07-13。
chs:evidence:usage-zhizhou-system,chs:assertion:usage-zhizhou,chs:title-usage:zhizhou-northern-song,serves_as_prefectural_assignment,,知州是地方实际工作层成分；苏轼传以“徙知某州”记录多次地方任命。,reviewed,scholarly_interpretation,high,chs:passage:song-shi-161-local,外官，则惩五代藩镇专恣，颇用文臣知州，復设通判以贰之。,chs:source:song-shi,《宋史》,chs:edition:song-shi-wikisource-zh-hans,chs:locator:song-shi-161-system,《宋史》卷161《职官一》序，第2段,https://zh.wikisource.org/zh-hans/宋史/卷161#序,supports,explicit_statement,direct,0.3.1-research.1,CC BY 4.0；第三方短引文仍遵循各来源标注的权利和引用条件,除授项目组：《除授北宋文官制度研究种子集》，0.3.1-research.1，2026-07-13。
chs:evidence:usage-zhizhou-case,chs:assertion:usage-zhizhou,chs:title-usage:zhizhou-northern-song,serves_as_prefectural_assignment,,知州是地方实际工作层成分；苏轼传以“徙知某州”记录多次地方任命。,reviewed,scholarly_interpretation,high,chs:passage:song-shi-338-mizhou,时新政日下，轼于其间，每因法以便民，民赖以安。徙知密州。,chs:source:song-shi,《宋史》,chs:edition:song-shi-wikisource-zh-hans,chs:locator:song-shi-338-hangzhou-mizhou,《宋史》卷338苏轼传“通判杭州”“徙知密州”段,https://zh.wikisource.org/zh-hans/宋史/卷338#苏轼,supports,explicit_statement,direct,0.3.1-research.1,CC BY 4.0；第三方短引文仍遵循各来源标注的权利和引用条件,除授项目组：《除授北宋文官制度研究种子集》，0.3.1-research.1，2026-07-13。
chs:evidence:usage-tuanlian-thank,chs:assertion:usage-tuanlian-fushi-huangzhou,chs:title-usage:tuanlian-fushi-northern-song,requires_context_before_assigning_function,,苏轼黄州个案同时出现责授、本州安置和不得签书公事；该个案不能解释成实际主持黄州军务。,reviewed,scholarly_interpretation,high,chs:passage:dao-huangzhou-xiebiao-opening,去歲十二月二十九日，準敕，責授臣檢校尚書水部員外郎充黃州團練副使，本州安置，不得僉書公事，臣已於今月一日到本所訖者。,chs:source:dao-huangzhou-xiebiao,《到黄州谢表》,chs:edition:dao-huangzhou-xiebiao-wikisource,chs:locator:dao-huangzhou-xiebiao-opening,苏轼《到黄州谢表》开篇,https://zh.wikisource.org/w/index.php?title=到黃州謝表&oldid=471355,supports,contextual_inference,direct,0.3.1-research.1,CC BY 4.0；第三方短引文仍遵循各来源标注的权利和引用条件,除授项目组：《除授北宋文官制度研究种子集》，0.3.1-research.1，2026-07-13。
chs:evidence:usage-tuanlian-song-shi,chs:assertion:usage-tuanlian-fushi-huangzhou,chs:title-usage:tuanlian-fushi-northern-song,requires_context_before_assigning_function,,苏轼黄州个案同时出现责授、本州安置和不得签书公事；该个案不能解释成实际主持黄州军务。,reviewed,scholarly_interpretation,high,chs:passage:song-shi-338-huzhou-huangzhou,徙知湖州，上表以谢。御史李定、舒亶、何正臣摭其表语，并媒蘖所为诗以为讪谤，逮赴台狱，欲置之死，锻炼久之不决。神宗独怜之，以黄州团练副使安置。,chs:source:song-shi,《宋史》,chs:edition:song-shi-wikisource-zh-hans,chs:locator:song-shi-338-huzhou-huangzhou,《宋史》卷338苏轼传“徙知湖州”段,https://zh.wikisource.org/zh-hans/宋史/卷338#苏轼,supports,explicit_statement,direct,0.3.1-research.1,CC BY 4.0；第三方短引文仍遵循各来源标注的权利和引用条件,除授项目组：《除授北宋文官制度研究种子集》，0.3.1-research.1，2026-07-13。
chs:evidence:usage-anzhi-huangzhou,chs:assertion:usage-anzhi,chs:title-usage:anzhi-northern-song,marks_punitive_placement,,在苏轼黄州和惠州材料中，安置与处分性官衔和任事限制组合出现，不是普通地方差遣。,reviewed,scholarly_interpretation,high,chs:passage:dao-huangzhou-xiebiao-opening,去歲十二月二十九日，準敕，責授臣檢校尚書水部員外郎充黃州團練副使，本州安置，不得僉書公事，臣已於今月一日到本所訖者。,chs:source:dao-huangzhou-xiebiao,《到黄州谢表》,chs:edition:dao-huangzhou-xiebiao-wikisource,chs:locator:dao-huangzhou-xiebiao-opening,苏轼《到黄州谢表》开篇,https://zh.wikisource.org/w/index.php?title=到黃州謝表&oldid=471355,supports,contextual_inference,direct,0.3.1-research.1,CC BY 4.0；第三方短引文仍遵循各来源标注的权利和引用条件,除授项目组：《除授北宋文官制度研究种子集》，0.3.1-research.1，2026-07-13。
chs:evidence:usage-anzhi-huizhou,chs:assertion:usage-anzhi,chs:title-usage:anzhi-northern-song,marks_punitive_placement,,在苏轼黄州和惠州材料中，安置与处分性官衔和任事限制组合出现，不是普通地方差遣。,reviewed,scholarly_interpretation,high,chs:passage:song-shi-338-late,绍圣初，御史论轼掌内外制日，所作词命，以为讥斥先朝。遂以本官知英州，寻降一官，未至，贬宁远军节度副使，惠州安置。居三年，又贬琼州别驾，居昌化。,chs:source:song-shi,《宋史》,chs:edition:song-shi-wikisource-zh-hans,chs:locator:song-shi-338-late,《宋史》卷338苏轼传绍圣以后诸段,https://zh.wikisource.org/zh-hans/宋史/卷338#苏轼,supports,explicit_statement,direct,0.3.1-research.1,CC BY 4.0；第三方短引文仍遵循各来源标注的权利和引用条件,除授项目组：《除授北宋文官制度研究种子集》，0.3.1-research.1，2026-07-13。
chs:evidence:usage-chaofeng,chs:assertion:usage-chaofeng-lang,chs:title-usage:chaofeng-lang-yuanyou,appears_in_restoration_bundle,,苏轼传在哲宗即位后的任命中写“复朝奉郎、知登州”，朝奉郎与知登州为不同官衔成分。,reviewed,manual_curation,high,chs:passage:song-shi-338-yuanyou,神宗崩，哲宗立，复朝奉郎、知登州，召为礼部郎中。迁起居舍人。元祐元年，轼以七品服入侍延和，即赐银绯，迁中书舍人。寻除翰林学士。,chs:source:song-shi,《宋史》,chs:edition:song-shi-wikisource-zh-hans,chs:locator:song-shi-338-yuanyou,《宋史》卷338苏轼传元祐任官诸段,https://zh.wikisource.org/zh-hans/宋史/卷338#苏轼,supports,explicit_statement,direct,0.3.1-research.1,CC BY 4.0；第三方短引文仍遵循各来源标注的权利和引用条件,除授项目组：《除授北宋文官制度研究种子集》，0.3.1-research.1，2026-07-13。
chs:evidence:usage-zhongshu-sheren,chs:assertion:usage-zhongshu-sheren,chs:title-usage:zhongshu-sheren-yuanyou,appears_as_yuanyou_central_office,,《宋史》卷338记元祐元年苏轼迁中书舍人；本批只确认任命与中央官名性质，详细职掌待卷161相应条目。,reviewed,manual_curation,high,chs:passage:song-shi-338-yuanyou,神宗崩，哲宗立，复朝奉郎、知登州，召为礼部郎中。迁起居舍人。元祐元年，轼以七品服入侍延和，即赐银绯，迁中书舍人。寻除翰林学士。,chs:source:song-shi,《宋史》,chs:edition:song-shi-wikisource-zh-hans,chs:locator:song-shi-338-yuanyou,《宋史》卷338苏轼传元祐任官诸段,https://zh.wikisource.org/zh-hans/宋史/卷338#苏轼,supports,explicit_statement,direct,0.3.1-research.1,CC BY 4.0；第三方短引文仍遵循各来源标注的权利和引用条件,除授项目组：《除授北宋文官制度研究种子集》，0.3.1-research.1，2026-07-13。
chs:evidence:usage-hanlin-xueshi,chs:assertion:usage-hanlin-xueshi,chs:title-usage:hanlin-xueshi-yuanyou,appears_as_yuanyou_central_title,,《宋史》卷338在中书舍人之后记“寻除翰林学士”；详细职掌与是否实际入院仍需更多材料。,reviewed,manual_curation,high,chs:passage:song-shi-338-yuanyou,神宗崩，哲宗立，复朝奉郎、知登州，召为礼部郎中。迁起居舍人。元祐元年，轼以七品服入侍延和，即赐银绯，迁中书舍人。寻除翰林学士。,chs:source:song-shi,《宋史》,chs:edition:song-shi-wikisource-zh-hans,chs:locator:song-shi-338-yuanyou,《宋史》卷338苏轼传元祐任官诸段,https://zh.wikisource.org/zh-hans/宋史/卷338#苏轼,supports,explicit_statement,direct,0.3.1-research.1,CC BY 4.0；第三方短引文仍遵循各来源标注的权利和引用条件,除授项目组：《除授北宋文官制度研究种子集》，0.3.1-research.1，2026-07-13。
chs:evidence:usage-longtu-xueshi,chs:assertion:usage-longtu-xueshi,chs:title-usage:longtu-xueshi-yuanyou,appears_with_zhihangzhou,,元祐四年苏轼任命中，龙图阁学士与知杭州并列；随后“既至杭”支持实际到达杭州，但不等于实际管理龙图阁。,reviewed,scholarly_interpretation,medium,chs:passage:song-shi-338-hangzhou-second,四年，积以论事，为当轴者所恨。轼恐不见容，请外，拜龙图阁学士、知杭州。既至杭，大旱，饥疫并作。,chs:source:song-shi,《宋史》,chs:edition:song-shi-wikisource-zh-hans,chs:locator:song-shi-338-yuanyou,《宋史》卷338苏轼传元祐任官诸段,https://zh.wikisource.org/zh-hans/宋史/卷338#苏轼,supports,contextual_inference,direct,0.3.1-research.1,CC BY 4.0；第三方短引文仍遵循各来源标注的权利和引用条件,除授项目组：《除授北宋文官制度研究种子集》，0.3.1-research.1，2026-07-13。
chs:evidence:usage-ningyuan-fushi,chs:assertion:usage-ningyuan-fushi,chs:title-usage:ningyuan-jiedu-fushi-shaosheng,appears_in_punitive_bundle,,苏轼传将宁远军节度副使与惠州安置连记为贬谪变化；不能据字面生成宁远军实际任事。,reviewed,scholarly_interpretation,high,chs:passage:song-shi-338-late,绍圣初，御史论轼掌内外制日，所作词命，以为讥斥先朝。遂以本官知英州，寻降一官，未至，贬宁远军节度副使，惠州安置。居三年，又贬琼州别驾，居昌化。,chs:source:song-shi,《宋史》,chs:edition:song-shi-wikisource-zh-hans,chs:locator:song-shi-338-late,《宋史》卷338苏轼传绍圣以后诸段,https://zh.wikisource.org/zh-hans/宋史/卷338#苏轼,supports,contextual_inference,direct,0.3.1-research.1,CC BY 4.0；第三方短引文仍遵循各来源标注的权利和引用条件,除授项目组：《除授北宋文官制度研究种子集》，0.3.1-research.1，2026-07-13。
chs:evidence:usage-qiongzhou-biejia,chs:assertion:usage-qiongzhou-biejia,chs:title-usage:qiongzhou-biejia-shaosheng,appears_before_changhua_residence,,苏轼传记“又贬琼州别驾，居昌化”，将贬授成分与实际居住地点分开。,reviewed,manual_curation,high,chs:passage:song-shi-338-late,绍圣初，御史论轼掌内外制日，所作词命，以为讥斥先朝。遂以本官知英州，寻降一官，未至，贬宁远军节度副使，惠州安置。居三年，又贬琼州别驾，居昌化。,chs:source:song-shi,《宋史》,chs:edition:song-shi-wikisource-zh-hans,chs:locator:song-shi-338-late,《宋史》卷338苏轼传绍圣以后诸段,https://zh.wikisource.org/zh-hans/宋史/卷338#苏轼,supports,explicit_statement,direct,0.3.1-research.1,CC BY 4.0；第三方短引文仍遵循各来源标注的权利和引用条件,除授项目组：《除授北宋文官制度研究种子集》，0.3.1-research.1，2026-07-13。
chs:evidence:appointment-fengxiang,chs:assertion:appointment-fengxiang,chs:appointment:su-shi-fengxiang,appoints_components,,除大理评事、签书凤翔府判官,reviewed,source_transcription,high,chs:passage:song-shi-338-fengxiang,除大理评事、签书凤翔府判官。,chs:source:song-shi,《宋史》,chs:edition:song-shi-wikisource-zh-hans,chs:locator:song-shi-338-fengxiang,《宋史》卷338苏轼传“除大理评事”段,https://zh.wikisource.org/zh-hans/宋史/卷338#苏轼,supports,explicit_statement,direct,0.3.1-research.1,CC BY 4.0；第三方短引文仍遵循各来源标注的权利和引用条件,除授项目组：《除授北宋文官制度研究种子集》，0.3.1-research.1，2026-07-13。
chs:evidence:appointment-hangzhou-tongpan,chs:assertion:appointment-hangzhou-tongpan,chs:appointment:su-shi-hangzhou-tongpan,holds_appointment_text,,通判杭州,reviewed,source_transcription,high,chs:passage:song-shi-338-hangzhou,轼遂请外，通判杭州。,chs:source:song-shi,《宋史》,chs:edition:song-shi-wikisource-zh-hans,chs:locator:song-shi-338-hangzhou-mizhou,《宋史》卷338苏轼传“通判杭州”“徙知密州”段,https://zh.wikisource.org/zh-hans/宋史/卷338#苏轼,supports,explicit_statement,direct,0.3.1-research.1,CC BY 4.0；第三方短引文仍遵循各来源标注的权利和引用条件,除授项目组：《除授北宋文官制度研究种子集》，0.3.1-research.1，2026-07-13。
chs:evidence:service-hangzhou-tongpan,chs:assertion:service-hangzhou-tongpan,chs:service:su-shi-hangzhou-tongpan,actually_serves_in_hangzhou,chs:place-version:hangzhou-northern-song,,reviewed,contextual_inference,medium,chs:passage:song-shi-338-mizhou,时新政日下，轼于其间，每因法以便民，民赖以安。徙知密州。,chs:source:song-shi,《宋史》,chs:edition:song-shi-wikisource-zh-hans,chs:locator:song-shi-338-hangzhou-mizhou,《宋史》卷338苏轼传“通判杭州”“徙知密州”段,https://zh.wikisource.org/zh-hans/宋史/卷338#苏轼,supports,chronological_inference,indirect,0.3.1-research.1,CC BY 4.0；第三方短引文仍遵循各来源标注的权利和引用条件,除授项目组：《除授北宋文官制度研究种子集》，0.3.1-research.1，2026-07-13。
chs:evidence:appointment-mizhou,chs:assertion:appointment-mizhou,chs:appointment:su-shi-mizhou,transfers_to_zhimizhou,,徙知密州,reviewed,source_transcription,high,chs:passage:song-shi-338-mizhou,时新政日下，轼于其间，每因法以便民，民赖以安。徙知密州。,chs:source:song-shi,《宋史》,chs:edition:song-shi-wikisource-zh-hans,chs:locator:song-shi-338-hangzhou-mizhou,《宋史》卷338苏轼传“通判杭州”“徙知密州”段,https://zh.wikisource.org/zh-hans/宋史/卷338#苏轼,supports,explicit_statement,direct,0.3.1-research.1,CC BY 4.0；第三方短引文仍遵循各来源标注的权利和引用条件,除授项目组：《除授北宋文官制度研究种子集》，0.3.1-research.1，2026-07-13。
chs:evidence:appointment-xuzhou,chs:assertion:appointment-xuzhou,chs:appointment:su-shi-xuzhou,transfers_to_zhixuzhou,,徙知徐州,reviewed,source_transcription,high,chs:passage:song-shi-338-xuzhou,徙知徐州。河决曹村，泛于梁山泊，溢于南清河，汇于城下。,chs:source:song-shi,《宋史》,chs:edition:song-shi-wikisource-zh-hans,chs:locator:song-shi-338-xuzhou,《宋史》卷338苏轼传“徙知徐州”段,https://zh.wikisource.org/zh-hans/宋史/卷338#苏轼,supports,explicit_statement,direct,0.3.1-research.1,CC BY 4.0；第三方短引文仍遵循各来源标注的权利和引用条件,除授项目组：《除授北宋文官制度研究种子集》，0.3.1-research.1，2026-07-13。
chs:evidence:appointment-huzhou,chs:assertion:appointment-huzhou,chs:appointment:su-shi-huzhou,transfers_to_zhihuzhou,,徙知湖州,reviewed,source_transcription,high,chs:passage:song-shi-338-huzhou-huangzhou,徙知湖州，上表以谢。御史李定、舒亶、何正臣摭其表语，并媒蘖所为诗以为讪谤，逮赴台狱，欲置之死，锻炼久之不决。神宗独怜之，以黄州团练副使安置。,chs:source:song-shi,《宋史》,chs:edition:song-shi-wikisource-zh-hans,chs:locator:song-shi-338-huzhou-huangzhou,《宋史》卷338苏轼传“徙知湖州”段,https://zh.wikisource.org/zh-hans/宋史/卷338#苏轼,supports,explicit_statement,direct,0.3.1-research.1,CC BY 4.0；第三方短引文仍遵循各来源标注的权利和引用条件,除授项目组：《除授北宋文官制度研究种子集》，0.3.1-research.1，2026-07-13。
chs:evidence:appointment-huangzhou-thank,chs:assertion:appointment-huangzhou,chs:appointment:su-shi-huangzhou,punitive_appointment_bundle,,责授检校尚书水部员外郎充黄州团练副使，本州安置，不得签书公事,reviewed,source_transcription,high,chs:passage:dao-huangzhou-xiebiao-opening,去歲十二月二十九日，準敕，責授臣檢校尚書水部員外郎充黃州團練副使，本州安置，不得僉書公事，臣已於今月一日到本所訖者。,chs:source:dao-huangzhou-xiebiao,《到黄州谢表》,chs:edition:dao-huangzhou-xiebiao-wikisource,chs:locator:dao-huangzhou-xiebiao-opening,苏轼《到黄州谢表》开篇,https://zh.wikisource.org/w/index.php?title=到黃州謝表&oldid=471355,supports,explicit_statement,direct,0.3.1-research.1,CC BY 4.0；第三方短引文仍遵循各来源标注的权利和引用条件,除授项目组：《除授北宋文官制度研究种子集》，0.3.1-research.1，2026-07-13。
chs:evidence:appointment-huangzhou-song-shi,chs:assertion:appointment-huangzhou,chs:appointment:su-shi-huangzhou,punitive_appointment_bundle,,责授检校尚书水部员外郎充黄州团练副使，本州安置，不得签书公事,reviewed,source_transcription,high,chs:passage:song-shi-338-huzhou-huangzhou,徙知湖州，上表以谢。御史李定、舒亶、何正臣摭其表语，并媒蘖所为诗以为讪谤，逮赴台狱，欲置之死，锻炼久之不决。神宗独怜之，以黄州团练副使安置。,chs:source:song-shi,《宋史》,chs:edition:song-shi-wikisource-zh-hans,chs:locator:song-shi-338-huzhou-huangzhou,《宋史》卷338苏轼传“徙知湖州”段,https://zh.wikisource.org/zh-hans/宋史/卷338#苏轼,supports,explicit_statement,direct,0.3.1-research.1,CC BY 4.0；第三方短引文仍遵循各来源标注的权利和引用条件,除授项目组：《除授北宋文官制度研究种子集》，0.3.1-research.1，2026-07-13。
chs:evidence:service-huangzhou-arrival,chs:assertion:service-huangzhou-arrival,chs:service:su-shi-huangzhou-residence,arrives_at_place_of_restriction,chs:place-version:huangzhou-northern-song,,reviewed,source_transcription,high,chs:passage:dao-huangzhou-xiebiao-opening,去歲十二月二十九日，準敕，責授臣檢校尚書水部員外郎充黃州團練副使，本州安置，不得僉書公事，臣已於今月一日到本所訖者。,chs:source:dao-huangzhou-xiebiao,《到黄州谢表》,chs:edition:dao-huangzhou-xiebiao-wikisource,chs:locator:dao-huangzhou-xiebiao-opening,苏轼《到黄州谢表》开篇,https://zh.wikisource.org/w/index.php?title=到黃州謝表&oldid=471355,supports,explicit_statement,direct,0.3.1-research.1,CC BY 4.0；第三方短引文仍遵循各来源标注的权利和引用条件,除授项目组：《除授北宋文官制度研究种子集》，0.3.1-research.1，2026-07-13。
chs:evidence:service-huangzhou-restriction,chs:assertion:service-huangzhou-restriction,chs:service:su-shi-huangzhou-punitive-status,cannot_sign_official_business,,不得签书公事,reviewed,source_transcription,high,chs:passage:dao-huangzhou-xiebiao-opening,去歲十二月二十九日，準敕，責授臣檢校尚書水部員外郎充黃州團練副使，本州安置，不得僉書公事，臣已於今月一日到本所訖者。,chs:source:dao-huangzhou-xiebiao,《到黄州谢表》,chs:edition:dao-huangzhou-xiebiao-wikisource,chs:locator:dao-huangzhou-xiebiao-opening,苏轼《到黄州谢表》开篇,https://zh.wikisource.org/w/index.php?title=到黃州謝表&oldid=471355,supports,explicit_statement,direct,0.3.1-research.1,CC BY 4.0；第三方短引文仍遵循各来源标注的权利和引用条件,除授项目组：《除授北宋文官制度研究种子集》，0.3.1-research.1，2026-07-13。
chs:evidence:appointment-yuanyou-restoration,chs:assertion:appointment-yuanyou-restoration,chs:appointment:su-shi-chaofeng-zhidengzhou,restores_and_assigns,,复朝奉郎、知登州,reviewed,source_transcription,high,chs:passage:song-shi-338-yuanyou,神宗崩，哲宗立，复朝奉郎、知登州，召为礼部郎中。迁起居舍人。元祐元年，轼以七品服入侍延和，即赐银绯，迁中书舍人。寻除翰林学士。,chs:source:song-shi,《宋史》,chs:edition:song-shi-wikisource-zh-hans,chs:locator:song-shi-338-yuanyou,《宋史》卷338苏轼传元祐任官诸段,https://zh.wikisource.org/zh-hans/宋史/卷338#苏轼,supports,explicit_statement,direct,0.3.1-research.1,CC BY 4.0；第三方短引文仍遵循各来源标注的权利和引用条件,除授项目组：《除授北宋文官制度研究种子集》，0.3.1-research.1，2026-07-13。
chs:evidence:appointment-zhongshu-sheren,chs:assertion:appointment-zhongshu-sheren,chs:appointment:su-shi-zhongshu-sheren,promotes_to_zhongshu_sheren,,迁中书舍人,reviewed,source_transcription,high,chs:passage:song-shi-338-yuanyou,神宗崩，哲宗立，复朝奉郎、知登州，召为礼部郎中。迁起居舍人。元祐元年，轼以七品服入侍延和，即赐银绯，迁中书舍人。寻除翰林学士。,chs:source:song-shi,《宋史》,chs:edition:song-shi-wikisource-zh-hans,chs:locator:song-shi-338-yuanyou,《宋史》卷338苏轼传元祐任官诸段,https://zh.wikisource.org/zh-hans/宋史/卷338#苏轼,supports,explicit_statement,direct,0.3.1-research.1,CC BY 4.0；第三方短引文仍遵循各来源标注的权利和引用条件,除授项目组：《除授北宋文官制度研究种子集》，0.3.1-research.1，2026-07-13。
chs:evidence:appointment-hanlin-xueshi,chs:assertion:appointment-hanlin-xueshi,chs:appointment:su-shi-hanlin-xueshi,appoints_hanlin_xueshi,,寻除翰林学士,reviewed,source_transcription,high,chs:passage:song-shi-338-yuanyou,神宗崩，哲宗立，复朝奉郎、知登州，召为礼部郎中。迁起居舍人。元祐元年，轼以七品服入侍延和，即赐银绯，迁中书舍人。寻除翰林学士。,chs:source:song-shi,《宋史》,chs:edition:song-shi-wikisource-zh-hans,chs:locator:song-shi-338-yuanyou,《宋史》卷338苏轼传元祐任官诸段,https://zh.wikisource.org/zh-hans/宋史/卷338#苏轼,supports,explicit_statement,direct,0.3.1-research.1,CC BY 4.0；第三方短引文仍遵循各来源标注的权利和引用条件,除授项目组：《除授北宋文官制度研究种子集》，0.3.1-research.1，2026-07-13。
chs:evidence:appointment-hangzhou-second,chs:assertion:appointment-hangzhou-second,chs:appointment:su-shi-hangzhou-second,appoints_longtu_and_zhihangzhou,,拜龙图阁学士、知杭州,reviewed,source_transcription,high,chs:passage:song-shi-338-hangzhou-second,四年，积以论事，为当轴者所恨。轼恐不见容，请外，拜龙图阁学士、知杭州。既至杭，大旱，饥疫并作。,chs:source:song-shi,《宋史》,chs:edition:song-shi-wikisource-zh-hans,chs:locator:song-shi-338-yuanyou,《宋史》卷338苏轼传元祐任官诸段,https://zh.wikisource.org/zh-hans/宋史/卷338#苏轼,supports,explicit_statement,direct,0.3.1-research.1,CC BY 4.0；第三方短引文仍遵循各来源标注的权利和引用条件,除授项目组：《除授北宋文官制度研究种子集》，0.3.1-research.1，2026-07-13。
chs:evidence:service-hangzhou-second,chs:assertion:service-hangzhou-second,chs:service:su-shi-hangzhou-second,arrives_and_serves_in_hangzhou,chs:place-version:hangzhou-northern-song,,reviewed,source_transcription,high,chs:passage:song-shi-338-hangzhou-second,四年，积以论事，为当轴者所恨。轼恐不见容，请外，拜龙图阁学士、知杭州。既至杭，大旱，饥疫并作。,chs:source:song-shi,《宋史》,chs:edition:song-shi-wikisource-zh-hans,chs:locator:song-shi-338-yuanyou,《宋史》卷338苏轼传元祐任官诸段,https://zh.wikisource.org/zh-hans/宋史/卷338#苏轼,supports,explicit_statement,direct,0.3.1-research.1,CC BY 4.0；第三方短引文仍遵循各来源标注的权利和引用条件,除授项目组：《除授北宋文官制度研究种子集》，0.3.1-research.1，2026-07-13。
chs:evidence:appointment-yingzhou-not-assumed,chs:assertion:appointment-yingzhou-not-assumed,chs:appointment:su-shi-yingzhou-not-assumed,appoints_but_not_assumed,,以本官知英州，寻降一官，未至,reviewed,source_transcription,high,chs:passage:song-shi-338-late,绍圣初，御史论轼掌内外制日，所作词命，以为讥斥先朝。遂以本官知英州，寻降一官，未至，贬宁远军节度副使，惠州安置。居三年，又贬琼州别驾，居昌化。,chs:source:song-shi,《宋史》,chs:edition:song-shi-wikisource-zh-hans,chs:locator:song-shi-338-late,《宋史》卷338苏轼传绍圣以后诸段,https://zh.wikisource.org/zh-hans/宋史/卷338#苏轼,supports,explicit_statement,direct,0.3.1-research.1,CC BY 4.0；第三方短引文仍遵循各来源标注的权利和引用条件,除授项目组：《除授北宋文官制度研究种子集》，0.3.1-research.1，2026-07-13。
chs:evidence:appointment-huizhou-punitive,chs:assertion:appointment-huizhou-punitive,chs:appointment:su-shi-huizhou-punitive,demotes_and_places_at_huizhou,,贬宁远军节度副使，惠州安置,reviewed,source_transcription,high,chs:passage:song-shi-338-late,绍圣初，御史论轼掌内外制日，所作词命，以为讥斥先朝。遂以本官知英州，寻降一官，未至，贬宁远军节度副使，惠州安置。居三年，又贬琼州别驾，居昌化。,chs:source:song-shi,《宋史》,chs:edition:song-shi-wikisource-zh-hans,chs:locator:song-shi-338-late,《宋史》卷338苏轼传绍圣以后诸段,https://zh.wikisource.org/zh-hans/宋史/卷338#苏轼,supports,explicit_statement,direct,0.3.1-research.1,CC BY 4.0；第三方短引文仍遵循各来源标注的权利和引用条件,除授项目组：《除授北宋文官制度研究种子集》，0.3.1-research.1，2026-07-13。
chs:evidence:appointment-qiongzhou-changhua,chs:assertion:appointment-qiongzhou-changhua,chs:appointment:su-shi-qiongzhou-biejia,demotes_then_resides_at_changhua,,又贬琼州别驾，居昌化,reviewed,source_transcription,high,chs:passage:song-shi-338-late,绍圣初，御史论轼掌内外制日，所作词命，以为讥斥先朝。遂以本官知英州，寻降一官，未至，贬宁远军节度副使，惠州安置。居三年，又贬琼州别驾，居昌化。,chs:source:song-shi,《宋史》,chs:edition:song-shi-wikisource-zh-hans,chs:locator:song-shi-338-late,《宋史》卷338苏轼传绍圣以后诸段,https://zh.wikisource.org/zh-hans/宋史/卷338#苏轼,supports,explicit_statement,direct,0.3.1-research.1,CC BY 4.0；第三方短引文仍遵循各来源标注的权利和引用条件,除授项目组：《除授北宋文官制度研究种子集》，0.3.1-research.1，2026-07-13。
chs:evidence:core-taishi,chs:assertion:usage-taishi,chs:title-usage:taishi-northern-song,has_period_usage,,太师为北宋三师加官之一，特拜名号本身不表示预政。,reviewed,source_transcription,high,chs:passage:song-shi-161-three-high-offices,宋承唐制，以太师、太傅、太保为三师，太尉、司徒、司空为三公，为宰相、亲王使相加官，其特拜者不预政事。,chs:source:song-shi,《宋史》,chs:edition:song-shi-wikisource-zh-hans,chs:locator:song-shi-161-three-high-offices,《宋史》卷161“三师三公”第1段,https://zh.wikisource.org/zh-hans/宋史/卷161#三师_三公,supports,explicit_statement,direct,0.3.1-research.1,CC BY 4.0；第三方短引文仍遵循各来源标注的权利和引用条件,除授项目组：《除授北宋文官制度研究种子集》，0.3.1-research.1，2026-07-13。
chs:evidence:core-taifu,chs:assertion:usage-taifu,chs:title-usage:taifu-northern-song,has_period_usage,,太傅为北宋三师加官之一，名号本身不表示实际职事。,reviewed,source_transcription,high,chs:passage:song-shi-161-three-high-offices,宋承唐制，以太师、太傅、太保为三师，太尉、司徒、司空为三公，为宰相、亲王使相加官，其特拜者不预政事。,chs:source:song-shi,《宋史》,chs:edition:song-shi-wikisource-zh-hans,chs:locator:song-shi-161-three-high-offices,《宋史》卷161“三师三公”第1段,https://zh.wikisource.org/zh-hans/宋史/卷161#三师_三公,supports,explicit_statement,direct,0.3.1-research.1,CC BY 4.0；第三方短引文仍遵循各来源标注的权利和引用条件,除授项目组：《除授北宋文官制度研究种子集》，0.3.1-research.1，2026-07-13。
chs:evidence:core-taibao,chs:assertion:usage-taibao,chs:title-usage:taibao-northern-song,has_period_usage,,太保为北宋三师加官之一，名号本身不表示实际职事。,reviewed,source_transcription,high,chs:passage:song-shi-161-three-high-offices,宋承唐制，以太师、太傅、太保为三师，太尉、司徒、司空为三公，为宰相、亲王使相加官，其特拜者不预政事。,chs:source:song-shi,《宋史》,chs:edition:song-shi-wikisource-zh-hans,chs:locator:song-shi-161-three-high-offices,《宋史》卷161“三师三公”第1段,https://zh.wikisource.org/zh-hans/宋史/卷161#三师_三公,supports,explicit_statement,direct,0.3.1-research.1,CC BY 4.0；第三方短引文仍遵循各来源标注的权利和引用条件,除授项目组：《除授北宋文官制度研究种子集》，0.3.1-research.1，2026-07-13。
chs:evidence:core-taiwei,chs:assertion:usage-taiwei,chs:title-usage:taiwei-northern-song,has_period_usage,,太尉为北宋三公加官之一，特拜者不预政事。,reviewed,source_transcription,high,chs:passage:song-shi-161-three-high-offices,宋承唐制，以太师、太傅、太保为三师，太尉、司徒、司空为三公，为宰相、亲王使相加官，其特拜者不预政事。,chs:source:song-shi,《宋史》,chs:edition:song-shi-wikisource-zh-hans,chs:locator:song-shi-161-three-high-offices,《宋史》卷161“三师三公”第1段,https://zh.wikisource.org/zh-hans/宋史/卷161#三师_三公,supports,explicit_statement,direct,0.3.1-research.1,CC BY 4.0；第三方短引文仍遵循各来源标注的权利和引用条件,除授项目组：《除授北宋文官制度研究种子集》，0.3.1-research.1，2026-07-13。
chs:evidence:core-situ,chs:assertion:usage-situ,chs:title-usage:situ-northern-song,has_period_usage,,司徒为北宋三公加官之一，特拜者不预政事。,reviewed,source_transcription,high,chs:passage:song-shi-161-three-high-offices,宋承唐制，以太师、太傅、太保为三师，太尉、司徒、司空为三公，为宰相、亲王使相加官，其特拜者不预政事。,chs:source:song-shi,《宋史》,chs:edition:song-shi-wikisource-zh-hans,chs:locator:song-shi-161-three-high-offices,《宋史》卷161“三师三公”第1段,https://zh.wikisource.org/zh-hans/宋史/卷161#三师_三公,supports,explicit_statement,direct,0.3.1-research.1,CC BY 4.0；第三方短引文仍遵循各来源标注的权利和引用条件,除授项目组：《除授北宋文官制度研究种子集》，0.3.1-research.1，2026-07-13。
chs:evidence:core-sikong,chs:assertion:usage-sikong,chs:title-usage:sikong-northern-song,has_period_usage,,司空为北宋三公加官之一，特拜者不预政事。,reviewed,source_transcription,high,chs:passage:song-shi-161-three-high-offices,宋承唐制，以太师、太傅、太保为三师，太尉、司徒、司空为三公，为宰相、亲王使相加官，其特拜者不预政事。,chs:source:song-shi,《宋史》,chs:edition:song-shi-wikisource-zh-hans,chs:locator:song-shi-161-three-high-offices,《宋史》卷161“三师三公”第1段,https://zh.wikisource.org/zh-hans/宋史/卷161#三师_三公,supports,explicit_statement,direct,0.3.1-research.1,CC BY 4.0；第三方短引文仍遵循各来源标注的权利和引用条件,除授项目组：《除授北宋文官制度研究种子集》，0.3.1-research.1，2026-07-13。
chs:evidence:core-tongpingzhangshi,chs:assertion:usage-tongpingzhangshi,chs:title-usage:tongpingzhangshi-pre-yuanfeng,serves_as_chief_councilor,,元丰改制前，同平章事为真相之任；二人时分日知印。,reviewed,source_transcription,high,chs:passage:song-shi-161-chief-councilor,宋承唐制，以同平章事为真相之任，无常员；有二人，则分日知印。,chs:source:song-shi,《宋史》,chs:edition:song-shi-wikisource-zh-hans,chs:locator:song-shi-161-chief-councilor,《宋史》卷161“宰相之职”第1段,https://zh.wikisource.org/zh-hans/宋史/卷161#宰相之职,supports,explicit_statement,direct,0.3.1-research.1,CC BY 4.0；第三方短引文仍遵循各来源标注的权利和引用条件,除授项目组：《除授北宋文官制度研究种子集》，0.3.1-research.1，2026-07-13。
chs:evidence:core-canzhi-zhengshi,chs:assertion:usage-canzhi-zhengshi,chs:title-usage:canzhi-zhengshi-pre-yuanfeng,serves_as_deputy_councilor,,参知政事掌副宰相、参大政庶务；元丰新官制废此名并以两省侍郎、左右丞代任。,reviewed,source_transcription,high,chs:passage:song-shi-161-canzhi-zhengshi,参知政事，掌副宰相，毗大政，参庶务。,chs:source:song-shi,《宋史》,chs:edition:song-shi-wikisource-zh-hans,chs:locator:song-shi-161-canzhi-zhengshi,《宋史》卷161“参知政事”,https://zh.wikisource.org/zh-hans/宋史/卷161#参知政事,supports,explicit_statement,direct,0.3.1-research.1,CC BY 4.0；第三方短引文仍遵循各来源标注的权利和引用条件,除授项目组：《除授北宋文官制度研究种子集》，0.3.1-research.1，2026-07-13。
chs:evidence:core-canzhi-zhengshi-yuanfeng,chs:assertion:usage-canzhi-zhengshi,chs:title-usage:canzhi-zhengshi-pre-yuanfeng,serves_as_deputy_councilor,,参知政事掌副宰相、参大政庶务；元丰新官制废此名并以两省侍郎、左右丞代任。,reviewed,source_transcription,high,chs:passage:song-shi-161-canzhi-yuanfeng,元丰新官制，废参知政事，置门下、中书二侍郎，尚书左、右丞以代其任。,chs:source:song-shi,《宋史》,chs:edition:song-shi-wikisource-zh-hans,chs:locator:song-shi-161-canzhi-zhengshi,《宋史》卷161“参知政事”,https://zh.wikisource.org/zh-hans/宋史/卷161#参知政事,supports,explicit_statement,direct,0.3.1-research.1,CC BY 4.0；第三方短引文仍遵循各来源标注的权利和引用条件,除授项目组：《除授北宋文官制度研究种子集》，0.3.1-research.1，2026-07-13。
chs:evidence:core-shizhong-pre-yuanfeng,chs:assertion:usage-shizhong-pre-yuanfeng,chs:title-usage:shizhong-pre-yuanfeng,has_formal_duty_but_is_rarely_filled,,元丰改制前，侍中有议大政、审出纳的正式职掌，但北宋以秩高罕除，名号不等于实际行职。,reviewed,source_transcription,high,chs:passage:song-shi-161-menxia-offices,侍中，掌佐天子议大政，审中外出纳之事。国朝以秩高罕除。官制行，以左仆射兼门下侍郎行侍中职，别置侍郎以佐之。,chs:source:song-shi,《宋史》,chs:edition:song-shi-wikisource-zh-hans,chs:locator:song-shi-161-menxia-offices,《宋史》卷161“门下省”及所属官段,https://zh.wikisource.org/zh-hans/宋史/卷161#门下省,supports,explicit_statement,direct,0.3.1-research.1,CC BY 4.0；第三方短引文仍遵循各来源标注的权利和引用条件,除授项目组：《除授北宋文官制度研究种子集》，0.3.1-research.1，2026-07-13。
chs:evidence:core-shizhong,chs:assertion:usage-shizhong,chs:title-usage:shizhong-yuanfeng,has_formal_duty_but_rarely_filled,,侍中条文掌议大政、审出纳，北宋秩高罕除；元丰后由左仆射兼门下侍郎行职。,reviewed,source_transcription,high,chs:passage:song-shi-161-menxia-offices,侍中，掌佐天子议大政，审中外出纳之事。国朝以秩高罕除。官制行，以左仆射兼门下侍郎行侍中职，别置侍郎以佐之。,chs:source:song-shi,《宋史》,chs:edition:song-shi-wikisource-zh-hans,chs:locator:song-shi-161-menxia-offices,《宋史》卷161“门下省”及所属官段,https://zh.wikisource.org/zh-hans/宋史/卷161#门下省,supports,explicit_statement,direct,0.3.1-research.1,CC BY 4.0；第三方短引文仍遵循各来源标注的权利和引用条件,除授项目组：《除授北宋文官制度研究种子集》，0.3.1-research.1，2026-07-13。
chs:evidence:core-menxia-shilang,chs:assertion:usage-menxia-shilang,chs:title-usage:menxia-shilang-yuanfeng,serves_as_executive_official,,门下侍郎辅贰侍中、省中外出纳，并列为元丰后执政官。,reviewed,source_transcription,high,chs:passage:song-shi-161-menxia-shilang,侍郎，掌贰侍中之职，省中外出纳之事。与知枢密院、同知枢密院、中书侍郎、尚书左右丞为执政官。,chs:source:song-shi,《宋史》,chs:edition:song-shi-wikisource-zh-hans,chs:locator:song-shi-161-menxia-offices,《宋史》卷161“门下省”及所属官段,https://zh.wikisource.org/zh-hans/宋史/卷161#门下省,supports,explicit_statement,direct,0.3.1-research.1,CC BY 4.0；第三方短引文仍遵循各来源标注的权利和引用条件,除授项目组：《除授北宋文官制度研究种子集》，0.3.1-research.1，2026-07-13。
chs:evidence:core-zuo-jianyi-dafu,chs:assertion:usage-zuo-jianyi-dafu,chs:title-usage:zuo-jianyi-dafu-yuanfeng,performs_remonstrance,,左谏议大夫与左司谏、左正言等同掌规谏讽谕。,reviewed,source_transcription,high,chs:passage:song-shi-161-remonstrance,左散骑常侍、左谏议大夫、左司谏、左正言，同掌规谏讽谕。凡朝政阙失、大臣至百官任非其人、三省至百司事有违失，皆得谏正。,chs:source:song-shi,《宋史》,chs:edition:song-shi-wikisource-zh-hans,chs:locator:song-shi-161-remonstrance,《宋史》卷161左右司谏、左右正言职掌段,https://zh.wikisource.org/zh-hans/宋史/卷161#左散骑常侍_左谏议大夫_左司谏_左正言,supports,explicit_statement,direct,0.3.1-research.1,CC BY 4.0；第三方短引文仍遵循各来源标注的权利和引用条件,除授项目组：《除授北宋文官制度研究种子集》，0.3.1-research.1，2026-07-13。
chs:evidence:core-zuo-sijian,chs:assertion:usage-zuo-sijian,chs:title-usage:zuo-sijian-yuanfeng,performs_remonstrance,,左司谏在元丰官制正名后实际承担规谏讽谕。,reviewed,source_transcription,high,chs:passage:song-shi-161-remonstrance,左散骑常侍、左谏议大夫、左司谏、左正言，同掌规谏讽谕。凡朝政阙失、大臣至百官任非其人、三省至百司事有违失，皆得谏正。,chs:source:song-shi,《宋史》,chs:edition:song-shi-wikisource-zh-hans,chs:locator:song-shi-161-remonstrance,《宋史》卷161左右司谏、左右正言职掌段,https://zh.wikisource.org/zh-hans/宋史/卷161#左散骑常侍_左谏议大夫_左司谏_左正言,supports,explicit_statement,direct,0.3.1-research.1,CC BY 4.0；第三方短引文仍遵循各来源标注的权利和引用条件,除授项目组：《除授北宋文官制度研究种子集》，0.3.1-research.1，2026-07-13。
chs:evidence:core-zuo-zhengyan,chs:assertion:usage-zuo-zhengyan,chs:title-usage:zuo-zhengyan-yuanfeng,performs_remonstrance,,左正言在元丰官制正名后实际承担规谏讽谕。,reviewed,source_transcription,high,chs:passage:song-shi-161-remonstrance,左散骑常侍、左谏议大夫、左司谏、左正言，同掌规谏讽谕。凡朝政阙失、大臣至百官任非其人、三省至百司事有违失，皆得谏正。,chs:source:song-shi,《宋史》,chs:edition:song-shi-wikisource-zh-hans,chs:locator:song-shi-161-remonstrance,《宋史》卷161左右司谏、左右正言职掌段,https://zh.wikisource.org/zh-hans/宋史/卷161#左散骑常侍_左谏议大夫_左司谏_左正言,supports,explicit_statement,direct,0.3.1-research.1,CC BY 4.0；第三方短引文仍遵循各来源标注的权利和引用条件,除授项目组：《除授北宋文官制度研究种子集》，0.3.1-research.1，2026-07-13。
chs:evidence:core-jishizhong,chs:assertion:usage-jishizhong,chs:title-usage:jishizhong-yuanfeng,reviews_and_remonstrates_commands,,给事中审读出纳；遇政令失当或除授非人，可论奏驳正。,reviewed,source_transcription,high,chs:passage:song-shi-161-jishizhong,给事中四人，分治六房，掌读中外出纳，及判后省之事。若政令有失当，除授非其人，则论奏而驳正之。,chs:source:song-shi,《宋史》,chs:edition:song-shi-wikisource-zh-hans,chs:locator:song-shi-161-jishizhong,《宋史》卷161“给事中”第1段,https://zh.wikisource.org/zh-hans/宋史/卷161#给事中,supports,explicit_statement,direct,0.3.1-research.1,CC BY 4.0；第三方短引文仍遵循各来源标注的权利和引用条件,除授项目组：《除授北宋文官制度研究种子集》，0.3.1-research.1，2026-07-13。
chs:evidence:core-qiju-lang,chs:assertion:usage-qiju-lang,chs:title-usage:qiju-lang-yuanfeng,records_imperial_activity,,元丰后起居郎为实际史职，记录天子言动、政令制度与除授等。,reviewed,source_transcription,high,chs:passage:song-shi-161-qijulang,起居郎一人，掌记天子言动。凡朝廷命令赦宥、礼乐法度损益因革、赏罚劝惩、群臣进对、文武臣除授及祭祀宴享、临幸引见之事，皆书以授著作官。,chs:source:song-shi,《宋史》,chs:edition:song-shi-wikisource-zh-hans,chs:locator:song-shi-161-qijulang,《宋史》卷161“起居郎”第1段,https://zh.wikisource.org/zh-hans/宋史/卷161#起居郎,supports,explicit_statement,direct,0.3.1-research.1,CC BY 4.0；第三方短引文仍遵循各来源标注的权利和引用条件,除授项目组：《除授北宋文官制度研究种子集》，0.3.1-research.1，2026-07-13。
chs:evidence:core-fubao-lang,chs:assertion:usage-fubao-lang,chs:title-usage:fubao-lang-yuanfeng,has_formal_duty_but_unfilled,,符宝郎条文掌外廷符宝，但元丰官制行后未尝除人。,reviewed,source_transcription,high,chs:passage:song-shi-161-fubao-lang,符宝郎二人，掌外廷符宝之事。禁中别有内符宝郎。官制行，未尝除。,chs:source:song-shi,《宋史》,chs:edition:song-shi-wikisource-zh-hans,chs:locator:song-shi-161-menxia-offices,《宋史》卷161“门下省”及所属官段,https://zh.wikisource.org/zh-hans/宋史/卷161#门下省,supports,explicit_statement,direct,0.3.1-research.1,CC BY 4.0；第三方短引文仍遵循各来源标注的权利和引用条件,除授项目组：《除授北宋文官制度研究种子集》，0.3.1-research.1，2026-07-13。
chs:evidence:core-zhongshu-ling,chs:assertion:usage-zhongshu-ling,chs:title-usage:zhongshu-ling-yuanfeng,has_formal_duty_but_unfilled,,中书令条文掌议大政、宣命，北宋未尝真拜；元丰后由右仆射兼中书侍郎行职。,reviewed,source_transcription,high,chs:passage:song-shi-161-zhongshu-ling,令，掌佐天子议大政，授所行命令而宣之。国朝未尝真拜，以他官兼领者不预政事。官制行，以右仆射兼中书侍郎行令之职。,chs:source:song-shi,《宋史》,chs:edition:song-shi-wikisource-zh-hans,chs:locator:song-shi-161-zhongshu-offices,《宋史》卷161中书令、中书侍郎职掌段,https://zh.wikisource.org/zh-hans/宋史/卷161#中书省,supports,explicit_statement,direct,0.3.1-research.1,CC BY 4.0；第三方短引文仍遵循各来源标注的权利和引用条件,除授项目组：《除授北宋文官制度研究种子集》，0.3.1-research.1，2026-07-13。
chs:evidence:core-zhongshu-shilang,chs:assertion:usage-zhongshu-shilang,chs:title-usage:zhongshu-shilang-yuanfeng,serves_as_executive_official,,中书侍郎辅贰中书令，参议大政并承奉诏旨。,reviewed,source_transcription,high,chs:passage:song-shi-161-zhongshu-shilang,侍郎，掌贰令之职，参议大政，授所宣诏旨而奉之。,chs:source:song-shi,《宋史》,chs:edition:song-shi-wikisource-zh-hans,chs:locator:song-shi-161-zhongshu-offices,《宋史》卷161中书令、中书侍郎职掌段,https://zh.wikisource.org/zh-hans/宋史/卷161#中书省,supports,explicit_statement,direct,0.3.1-research.1,CC BY 4.0；第三方短引文仍遵循各来源标注的权利和引用条件,除授项目组：《除授北宋文官制度研究种子集》，0.3.1-research.1，2026-07-13。
chs:evidence:core-qiju-sheren,chs:assertion:usage-qiju-sheren,chs:title-usage:qiju-sheren-yuanfeng,changes_from_rank_to_duty,,起居舍人元丰前为寄禄，官制行后成为与起居郎同掌记注的职任。,reviewed,source_transcription,high,chs:passage:song-shi-161-qijusheren,起居舍人一人，掌同门下省起居郎。元丰前，以起居郎、舍人寄禄，而更命他官领其事，谓之同修起居注。官制行，以郎、舍人为职任。,chs:source:song-shi,《宋史》,chs:edition:song-shi-wikisource-zh-hans,chs:locator:song-shi-161-qijusheren,《宋史》卷161“起居舍人”第1段,https://zh.wikisource.org/zh-hans/宋史/卷161#起居舍人,supports,explicit_statement,direct,0.3.1-research.1,CC BY 4.0；第三方短引文仍遵循各来源标注的权利和引用条件,除授项目组：《除授北宋文官制度研究种子集》，0.3.1-research.1，2026-07-13。
chs:evidence:core-you-jianyi-dafu,chs:assertion:usage-you-jianyi-dafu,chs:title-usage:you-jianyi-dafu-yuanfeng,performs_remonstrance,,右谏议大夫与门下左侧谏官职掌相同，分属中书省。,reviewed,source_transcription,high,chs:passage:song-shi-161-right-remonstrance,右散骑常侍、右谏议大夫、右司谏、右正言与门下省同，但左属门下，右属中书，皆附两省班籍，通谓之两省官。,chs:source:song-shi,《宋史》,chs:edition:song-shi-wikisource-zh-hans,chs:locator:song-shi-161-remonstrance,《宋史》卷161左右司谏、左右正言职掌段,https://zh.wikisource.org/zh-hans/宋史/卷161#左散骑常侍_左谏议大夫_左司谏_左正言,supports,explicit_statement,direct,0.3.1-research.1,CC BY 4.0；第三方短引文仍遵循各来源标注的权利和引用条件,除授项目组：《除授北宋文官制度研究种子集》，0.3.1-research.1，2026-07-13。
chs:evidence:core-you-sijian,chs:assertion:usage-you-sijian,chs:title-usage:you-sijian-yuanfeng,performs_remonstrance,,右司谏与门下左侧谏官职掌相同，分属中书省。,reviewed,source_transcription,high,chs:passage:song-shi-161-right-remonstrance,右散骑常侍、右谏议大夫、右司谏、右正言与门下省同，但左属门下，右属中书，皆附两省班籍，通谓之两省官。,chs:source:song-shi,《宋史》,chs:edition:song-shi-wikisource-zh-hans,chs:locator:song-shi-161-remonstrance,《宋史》卷161左右司谏、左右正言职掌段,https://zh.wikisource.org/zh-hans/宋史/卷161#左散骑常侍_左谏议大夫_左司谏_左正言,supports,explicit_statement,direct,0.3.1-research.1,CC BY 4.0；第三方短引文仍遵循各来源标注的权利和引用条件,除授项目组：《除授北宋文官制度研究种子集》，0.3.1-research.1，2026-07-13。
chs:evidence:core-you-zhengyan,chs:assertion:usage-you-zhengyan,chs:title-usage:you-zhengyan-yuanfeng,performs_remonstrance,,右正言与门下左侧谏官职掌相同，分属中书省。,reviewed,source_transcription,high,chs:passage:song-shi-161-right-remonstrance,右散骑常侍、右谏议大夫、右司谏、右正言与门下省同，但左属门下，右属中书，皆附两省班籍，通谓之两省官。,chs:source:song-shi,《宋史》,chs:edition:song-shi-wikisource-zh-hans,chs:locator:song-shi-161-remonstrance,《宋史》卷161左右司谏、左右正言职掌段,https://zh.wikisource.org/zh-hans/宋史/卷161#左散骑常侍_左谏议大夫_左司谏_左正言,supports,explicit_statement,direct,0.3.1-research.1,CC BY 4.0；第三方短引文仍遵循各来源标注的权利和引用条件,除授项目组：《除授北宋文官制度研究种子集》，0.3.1-research.1，2026-07-13。
chs:evidence:core-jianzheng-guan,chs:assertion:usage-jianzheng-guan,chs:title-usage:jianzheng-guan-xining,corrects_secretariat_business,,熙宁三年置检正官掌纠正省务；元丰官制行后罢，职归左右司。,reviewed,source_transcription,high,chs:passage:song-shi-161-jianzheng,检正官五房各一人，掌纠正省务。熙宁三年置，以京朝官充，选人即为习学公事。官制行，罢之，而其职归左右司。,chs:source:song-shi,《宋史》,chs:edition:song-shi-wikisource-zh-hans,chs:locator:song-shi-161-jianzheng,《宋史》卷161“检正官”第1段,https://zh.wikisource.org/zh-hans/宋史/卷161#检正官,supports,explicit_statement,direct,0.3.1-research.1,CC BY 4.0；第三方短引文仍遵循各来源标注的权利和引用条件,除授项目组：《除授北宋文官制度研究种子集》，0.3.1-research.1，2026-07-13。
chs:evidence:core-shangshu-ling,chs:assertion:usage-shangshu-ling,chs:title-usage:shangshu-ling-yuanfeng,has_formal_duty_but_unfilled,,尚书令条文总六曹庶务，但北宋自建隆以来不除，兼领者不与政事。,reviewed,source_transcription,high,chs:passage:song-shi-161-shangshu-ling,令，掌佐天子议大政，奉所出命令而行之。其属有六曹，凡庶务皆会而决之。自建隆以来不除，惟亲王以使相兼领，不与政事。,chs:source:song-shi,《宋史》,chs:edition:song-shi-wikisource-zh-hans,chs:locator:song-shi-161-shangshu-offices,《宋史》卷161尚书省长贰与都司职掌段,https://zh.wikisource.org/zh-hans/宋史/卷161#尚书省,supports,explicit_statement,direct,0.3.1-research.1,CC BY 4.0；第三方短引文仍遵循各来源标注的权利和引用条件,除授项目组：《除授北宋文官制度研究种子集》，0.3.1-research.1，2026-07-13。
chs:evidence:core-shangshu-zuo-pushe,chs:assertion:usage-shangshu-zuo-pushe,chs:title-usage:shangshu-zuo-pushe-yuanfeng,serves_as_chief_councilor,,元丰后尚书左仆射为宰相之任，兼门下侍郎行侍中职事。,reviewed,source_transcription,high,chs:passage:song-shi-161-shangshu-pushe,左仆射、右仆射，掌佐天子议大政，贰令之职，与三省长官皆为宰相之任。自官制行，以左仆射兼门下侍郎，右仆射兼中书侍郎，行侍中、中书令职事。,chs:source:song-shi,《宋史》,chs:edition:song-shi-wikisource-zh-hans,chs:locator:song-shi-161-shangshu-offices,《宋史》卷161尚书省长贰与都司职掌段,https://zh.wikisource.org/zh-hans/宋史/卷161#尚书省,supports,explicit_statement,direct,0.3.1-research.1,CC BY 4.0；第三方短引文仍遵循各来源标注的权利和引用条件,除授项目组：《除授北宋文官制度研究种子集》，0.3.1-research.1，2026-07-13。
chs:evidence:core-shangshu-you-pushe,chs:assertion:usage-shangshu-you-pushe,chs:title-usage:shangshu-you-pushe-yuanfeng,serves_as_chief_councilor,,元丰后尚书右仆射为宰相之任，兼中书侍郎行中书令职事。,reviewed,source_transcription,high,chs:passage:song-shi-161-shangshu-pushe,左仆射、右仆射，掌佐天子议大政，贰令之职，与三省长官皆为宰相之任。自官制行，以左仆射兼门下侍郎，右仆射兼中书侍郎，行侍中、中书令职事。,chs:source:song-shi,《宋史》,chs:edition:song-shi-wikisource-zh-hans,chs:locator:song-shi-161-shangshu-offices,《宋史》卷161尚书省长贰与都司职掌段,https://zh.wikisource.org/zh-hans/宋史/卷161#尚书省,supports,explicit_statement,direct,0.3.1-research.1,CC BY 4.0；第三方短引文仍遵循各来源标注的权利和引用条件,除授项目组：《除授北宋文官制度研究种子集》，0.3.1-research.1，2026-07-13。
chs:evidence:core-shangshu-zuo-cheng,chs:assertion:usage-shangshu-zuo-cheng,chs:title-usage:shangshu-zuo-cheng-yuanfeng,serves_as_executive_official,,尚书左丞参议大政、通治省事，元丰改制后升为执政。,reviewed,source_transcription,high,chs:passage:song-shi-161-shangshu-cheng,左丞、右丞，掌参议大政，通治省事，以贰令、仆射之职。旧班六曹尚书下，官制行，升其秩为执政。,chs:source:song-shi,《宋史》,chs:edition:song-shi-wikisource-zh-hans,chs:locator:song-shi-161-shangshu-offices,《宋史》卷161尚书省长贰与都司职掌段,https://zh.wikisource.org/zh-hans/宋史/卷161#尚书省,supports,explicit_statement,direct,0.3.1-research.1,CC BY 4.0；第三方短引文仍遵循各来源标注的权利和引用条件,除授项目组：《除授北宋文官制度研究种子集》，0.3.1-research.1，2026-07-13。
chs:evidence:core-shangshu-you-cheng,chs:assertion:usage-shangshu-you-cheng,chs:title-usage:shangshu-you-cheng-yuanfeng,serves_as_executive_official,,尚书右丞参议大政、通治省事，元丰改制后升为执政。,reviewed,source_transcription,high,chs:passage:song-shi-161-shangshu-cheng,左丞、右丞，掌参议大政，通治省事，以贰令、仆射之职。旧班六曹尚书下，官制行，升其秩为执政。,chs:source:song-shi,《宋史》,chs:edition:song-shi-wikisource-zh-hans,chs:locator:song-shi-161-shangshu-offices,《宋史》卷161尚书省长贰与都司职掌段,https://zh.wikisource.org/zh-hans/宋史/卷161#尚书省,supports,explicit_statement,direct,0.3.1-research.1,CC BY 4.0；第三方短引文仍遵循各来源标注的权利和引用条件,除授项目组：《除授北宋文官制度研究种子集》，0.3.1-research.1，2026-07-13。
chs:evidence:core-zuosi-langzhong,chs:assertion:usage-zuosi-langzhong,chs:title-usage:zuosi-langzhong-yuanfeng,coordinates_shangshu_business,,左司郎中受理六曹事务、纠正文书稽失，分治吏、户、礼等房。,reviewed,source_transcription,high,chs:passage:song-shi-161-zuoyou-si,左司郎中、右司郎中、左司员外郎、右司员外郎，各一人，掌受付六曹之事，而举正文书之稽失，分治省事：左司治吏、户、礼，右司治兵、刑、工。,chs:source:song-shi,《宋史》,chs:edition:song-shi-wikisource-zh-hans,chs:locator:song-shi-161-shangshu-offices,《宋史》卷161尚书省长贰与都司职掌段,https://zh.wikisource.org/zh-hans/宋史/卷161#尚书省,supports,explicit_statement,direct,0.3.1-research.1,CC BY 4.0；第三方短引文仍遵循各来源标注的权利和引用条件,除授项目组：《除授北宋文官制度研究种子集》，0.3.1-research.1，2026-07-13。
chs:evidence:core-yousi-langzhong,chs:assertion:usage-yousi-langzhong,chs:title-usage:yousi-langzhong-yuanfeng,coordinates_shangshu_business,,右司郎中受理六曹事务、纠正文书稽失，分治兵、刑、工等房。,reviewed,source_transcription,high,chs:passage:song-shi-161-zuoyou-si,左司郎中、右司郎中、左司员外郎、右司员外郎，各一人，掌受付六曹之事，而举正文书之稽失，分治省事：左司治吏、户、礼，右司治兵、刑、工。,chs:source:song-shi,《宋史》,chs:edition:song-shi-wikisource-zh-hans,chs:locator:song-shi-161-shangshu-offices,《宋史》卷161尚书省长贰与都司职掌段,https://zh.wikisource.org/zh-hans/宋史/卷161#尚书省,supports,explicit_statement,direct,0.3.1-research.1,CC BY 4.0；第三方短引文仍遵循各来源标注的权利和引用条件,除授项目组：《除授北宋文官制度研究种子集》，0.3.1-research.1，2026-07-13。
chs:evidence:core-zuosi-yuanwailang,chs:assertion:usage-zuosi-yuanwailang,chs:title-usage:zuosi-yuanwailang-yuanfeng,coordinates_shangshu_business,,左司员外郎与左右司郎官共同受理六曹事务并纠正文书稽失。,reviewed,source_transcription,high,chs:passage:song-shi-161-zuoyou-si,左司郎中、右司郎中、左司员外郎、右司员外郎，各一人，掌受付六曹之事，而举正文书之稽失，分治省事：左司治吏、户、礼，右司治兵、刑、工。,chs:source:song-shi,《宋史》,chs:edition:song-shi-wikisource-zh-hans,chs:locator:song-shi-161-shangshu-offices,《宋史》卷161尚书省长贰与都司职掌段,https://zh.wikisource.org/zh-hans/宋史/卷161#尚书省,supports,explicit_statement,direct,0.3.1-research.1,CC BY 4.0；第三方短引文仍遵循各来源标注的权利和引用条件,除授项目组：《除授北宋文官制度研究种子集》，0.3.1-research.1，2026-07-13。
chs:evidence:core-yousi-yuanwailang,chs:assertion:usage-yousi-yuanwailang,chs:title-usage:yousi-yuanwailang-yuanfeng,coordinates_shangshu_business,,右司员外郎与左右司郎官共同受理六曹事务并纠正文书稽失。,reviewed,source_transcription,high,chs:passage:song-shi-161-zuoyou-si,左司郎中、右司郎中、左司员外郎、右司员外郎，各一人，掌受付六曹之事，而举正文书之稽失，分治省事：左司治吏、户、礼，右司治兵、刑、工。,chs:source:song-shi,《宋史》,chs:edition:song-shi-wikisource-zh-hans,chs:locator:song-shi-161-shangshu-offices,《宋史》卷161尚书省长贰与都司职掌段,https://zh.wikisource.org/zh-hans/宋史/卷161#尚书省,supports,explicit_statement,direct,0.3.1-research.1,CC BY 4.0；第三方短引文仍遵循各来源标注的权利和引用条件,除授项目组：《除授北宋文官制度研究种子集》，0.3.1-research.1，2026-07-13。
chs:evidence:core-shumishi,chs:assertion:usage-shumishi,chs:title-usage:shumishi-pre-yuanfeng,leads_military_affairs,,枢密使佐天子执兵政；元丰五年改制时使名罢置。,reviewed,source_transcription,high,chs:passage:song-shi-162-shumi-offices,枢密使、知院事，佐天子执兵政，而同知、副使、签书为之贰。凡边防军旅之常务，与三省分班禀奏；事干国体，则宰相、执政官合奏。,chs:source:song-shi,《宋史》,chs:edition:song-shi-wikisource-zh-hans,chs:locator:song-shi-162-shumi-offices,《宋史》卷162枢密院及长贰职掌段,https://zh.wikisource.org/zh-hans/宋史/卷162#枢密使_知院事_同知院事_枢密副使_签书院事_同签书院事,supports,explicit_statement,direct,0.3.1-research.1,CC BY 4.0；第三方短引文仍遵循各来源标注的权利和引用条件,除授项目组：《除授北宋文官制度研究种子集》，0.3.1-research.1，2026-07-13。
chs:evidence:core-shumishi-yuanfeng,chs:assertion:usage-shumishi,chs:title-usage:shumishi-pre-yuanfeng,leads_military_affairs,,枢密使佐天子执兵政；元丰五年改制时使名罢置。,reviewed,source_transcription,high,chs:passage:song-shi-162-shumi-yuanfeng,元丰五年，乃定置知院、同知院二人，使、副悉罢。元祐初，复置签书院事。,chs:source:song-shi,《宋史》,chs:edition:song-shi-wikisource-zh-hans,chs:locator:song-shi-162-shumi-offices,《宋史》卷162枢密院及长贰职掌段,https://zh.wikisource.org/zh-hans/宋史/卷162#枢密使_知院事_同知院事_枢密副使_签书院事_同签书院事,supports,explicit_statement,direct,0.3.1-research.1,CC BY 4.0；第三方短引文仍遵循各来源标注的权利和引用条件,除授项目组：《除授北宋文官制度研究种子集》，0.3.1-research.1，2026-07-13。
chs:evidence:core-zhi-shumiyuan-shi,chs:assertion:usage-zhi-shumiyuan-shi,chs:title-usage:zhi-shumiyuan-shi-yuanfeng,leads_military_affairs,,元丰五年定置知枢密院事为枢密长官，佐天子执兵政。,reviewed,source_transcription,high,chs:passage:song-shi-162-shumi-offices,枢密使、知院事，佐天子执兵政，而同知、副使、签书为之贰。凡边防军旅之常务，与三省分班禀奏；事干国体，则宰相、执政官合奏。,chs:source:song-shi,《宋史》,chs:edition:song-shi-wikisource-zh-hans,chs:locator:song-shi-162-shumi-offices,《宋史》卷162枢密院及长贰职掌段,https://zh.wikisource.org/zh-hans/宋史/卷162#枢密使_知院事_同知院事_枢密副使_签书院事_同签书院事,supports,explicit_statement,direct,0.3.1-research.1,CC BY 4.0；第三方短引文仍遵循各来源标注的权利和引用条件,除授项目组：《除授北宋文官制度研究种子集》，0.3.1-research.1，2026-07-13。
chs:evidence:core-zhi-shumiyuan-shi-yuanfeng,chs:assertion:usage-zhi-shumiyuan-shi,chs:title-usage:zhi-shumiyuan-shi-yuanfeng,leads_military_affairs,,元丰五年定置知枢密院事为枢密长官，佐天子执兵政。,reviewed,source_transcription,high,chs:passage:song-shi-162-shumi-yuanfeng,元丰五年，乃定置知院、同知院二人，使、副悉罢。元祐初，复置签书院事。,chs:source:song-shi,《宋史》,chs:edition:song-shi-wikisource-zh-hans,chs:locator:song-shi-162-shumi-offices,《宋史》卷162枢密院及长贰职掌段,https://zh.wikisource.org/zh-hans/宋史/卷162#枢密使_知院事_同知院事_枢密副使_签书院事_同签书院事,supports,explicit_statement,direct,0.3.1-research.1,CC BY 4.0；第三方短引文仍遵循各来源标注的权利和引用条件,除授项目组：《除授北宋文官制度研究种子集》，0.3.1-research.1，2026-07-13。
chs:evidence:core-tongzhi-shumiyuan-shi,chs:assertion:usage-tongzhi-shumiyuan-shi,chs:title-usage:tongzhi-shumiyuan-shi-yuanfeng,deputizes_military_affairs,,元丰五年定置同知枢密院事为枢密副贰。,reviewed,source_transcription,high,chs:passage:song-shi-162-shumi-offices,枢密使、知院事，佐天子执兵政，而同知、副使、签书为之贰。凡边防军旅之常务，与三省分班禀奏；事干国体，则宰相、执政官合奏。,chs:source:song-shi,《宋史》,chs:edition:song-shi-wikisource-zh-hans,chs:locator:song-shi-162-shumi-offices,《宋史》卷162枢密院及长贰职掌段,https://zh.wikisource.org/zh-hans/宋史/卷162#枢密使_知院事_同知院事_枢密副使_签书院事_同签书院事,supports,explicit_statement,direct,0.3.1-research.1,CC BY 4.0；第三方短引文仍遵循各来源标注的权利和引用条件,除授项目组：《除授北宋文官制度研究种子集》，0.3.1-research.1，2026-07-13。
chs:evidence:core-tongzhi-shumiyuan-shi-yuanfeng,chs:assertion:usage-tongzhi-shumiyuan-shi,chs:title-usage:tongzhi-shumiyuan-shi-yuanfeng,deputizes_military_affairs,,元丰五年定置同知枢密院事为枢密副贰。,reviewed,source_transcription,high,chs:passage:song-shi-162-shumi-yuanfeng,元丰五年，乃定置知院、同知院二人，使、副悉罢。元祐初，复置签书院事。,chs:source:song-shi,《宋史》,chs:edition:song-shi-wikisource-zh-hans,chs:locator:song-shi-162-shumi-offices,《宋史》卷162枢密院及长贰职掌段,https://zh.wikisource.org/zh-hans/宋史/卷162#枢密使_知院事_同知院事_枢密副使_签书院事_同签书院事,supports,explicit_statement,direct,0.3.1-research.1,CC BY 4.0；第三方短引文仍遵循各来源标注的权利和引用条件,除授项目组：《除授北宋文官制度研究种子集》，0.3.1-research.1，2026-07-13。
chs:evidence:core-shumi-fushi,chs:assertion:usage-shumi-fushi,chs:title-usage:shumi-fushi-pre-yuanfeng,deputizes_military_affairs,,枢密副使为枢密使副贰，元丰五年使、副悉罢。,reviewed,source_transcription,high,chs:passage:song-shi-162-shumi-offices,枢密使、知院事，佐天子执兵政，而同知、副使、签书为之贰。凡边防军旅之常务，与三省分班禀奏；事干国体，则宰相、执政官合奏。,chs:source:song-shi,《宋史》,chs:edition:song-shi-wikisource-zh-hans,chs:locator:song-shi-162-shumi-offices,《宋史》卷162枢密院及长贰职掌段,https://zh.wikisource.org/zh-hans/宋史/卷162#枢密使_知院事_同知院事_枢密副使_签书院事_同签书院事,supports,explicit_statement,direct,0.3.1-research.1,CC BY 4.0；第三方短引文仍遵循各来源标注的权利和引用条件,除授项目组：《除授北宋文官制度研究种子集》，0.3.1-research.1，2026-07-13。
chs:evidence:core-shumi-fushi-yuanfeng,chs:assertion:usage-shumi-fushi,chs:title-usage:shumi-fushi-pre-yuanfeng,deputizes_military_affairs,,枢密副使为枢密使副贰，元丰五年使、副悉罢。,reviewed,source_transcription,high,chs:passage:song-shi-162-shumi-yuanfeng,元丰五年，乃定置知院、同知院二人，使、副悉罢。元祐初，复置签书院事。,chs:source:song-shi,《宋史》,chs:edition:song-shi-wikisource-zh-hans,chs:locator:song-shi-162-shumi-offices,《宋史》卷162枢密院及长贰职掌段,https://zh.wikisource.org/zh-hans/宋史/卷162#枢密使_知院事_同知院事_枢密副使_签书院事_同签书院事,supports,explicit_statement,direct,0.3.1-research.1,CC BY 4.0；第三方短引文仍遵循各来源标注的权利和引用条件,除授项目组：《除授北宋文官制度研究种子集》，0.3.1-research.1，2026-07-13。
chs:evidence:core-qianshu-shumiyuan-shi,chs:assertion:usage-qianshu-shumiyuan-shi,chs:title-usage:qianshu-shumiyuan-shi-yuanyou,deputizes_military_affairs,,元祐初复置签书枢密院事，作为枢密院副贰。,reviewed,source_transcription,high,chs:passage:song-shi-162-shumi-offices,枢密使、知院事，佐天子执兵政，而同知、副使、签书为之贰。凡边防军旅之常务，与三省分班禀奏；事干国体，则宰相、执政官合奏。,chs:source:song-shi,《宋史》,chs:edition:song-shi-wikisource-zh-hans,chs:locator:song-shi-162-shumi-offices,《宋史》卷162枢密院及长贰职掌段,https://zh.wikisource.org/zh-hans/宋史/卷162#枢密使_知院事_同知院事_枢密副使_签书院事_同签书院事,supports,explicit_statement,direct,0.3.1-research.1,CC BY 4.0；第三方短引文仍遵循各来源标注的权利和引用条件,除授项目组：《除授北宋文官制度研究种子集》，0.3.1-research.1，2026-07-13。
chs:evidence:core-qianshu-shumiyuan-shi-yuanfeng,chs:assertion:usage-qianshu-shumiyuan-shi,chs:title-usage:qianshu-shumiyuan-shi-yuanyou,deputizes_military_affairs,,元祐初复置签书枢密院事，作为枢密院副贰。,reviewed,source_transcription,high,chs:passage:song-shi-162-shumi-yuanfeng,元丰五年，乃定置知院、同知院二人，使、副悉罢。元祐初，复置签书院事。,chs:source:song-shi,《宋史》,chs:edition:song-shi-wikisource-zh-hans,chs:locator:song-shi-162-shumi-offices,《宋史》卷162枢密院及长贰职掌段,https://zh.wikisource.org/zh-hans/宋史/卷162#枢密使_知院事_同知院事_枢密副使_签书院事_同签书院事,supports,explicit_statement,direct,0.3.1-research.1,CC BY 4.0；第三方短引文仍遵循各来源标注的权利和引用条件,除授项目组：《除授北宋文官制度研究种子集》，0.3.1-research.1，2026-07-13。
chs:evidence:core-sansi-shi,chs:assertion:usage-sansi-shi,chs:title-usage:sansi-shi-pre-yuanfeng,leads_state_finance,,三司使总国计，通管盐铁、度支、户部；元丰官制行后并归户部。,reviewed,source_transcription,high,chs:passage:song-shi-162-sansi-shi,三司之职，国初沿五代之制，置使以总国计，应四方贡赋之入，朝廷之预，一归三司。通管盐铁、度支、户部，号曰计省。,chs:source:song-shi,《宋史》,chs:edition:song-shi-wikisource-zh-hans,chs:locator:song-shi-162-sansi-shi,《宋史》卷162“三司使”总论及职掌段,https://zh.wikisource.org/zh-hans/宋史/卷162#三司使,supports,explicit_statement,direct,0.3.1-research.1,CC BY 4.0；第三方短引文仍遵循各来源标注的权利和引用条件,除授项目组：《除授北宋文官制度研究种子集》，0.3.1-research.1，2026-07-13。
chs:evidence:core-sansi-shi-yuanfeng,chs:assertion:usage-sansi-shi,chs:title-usage:sansi-shi-pre-yuanfeng,leads_state_finance,,三司使总国计，通管盐铁、度支、户部；元丰官制行后并归户部。,reviewed,source_transcription,high,chs:passage:song-shi-162-sansi-yuanfeng,以上并属三司使。元丰官制行，罢三司使并归户部。,chs:source:song-shi,《宋史》,chs:edition:song-shi-wikisource-zh-hans,chs:locator:song-shi-162-sansi-shi,《宋史》卷162“三司使”总论及职掌段,https://zh.wikisource.org/zh-hans/宋史/卷162#三司使,supports,explicit_statement,direct,0.3.1-research.1,CC BY 4.0；第三方短引文仍遵循各来源标注的权利和引用条件,除授项目组：《除授北宋文官制度研究种子集》，0.3.1-research.1，2026-07-13。
chs:evidence:core-hanlin-xueshi-chengzhi,chs:assertion:usage-hanlin-xueshi-chengzhi,chs:title-usage:hanlin-xueshi-chengzhi-northern-song,leads_drafting_service,,翰林学士承旨参与制诰诏令撰述，不常置，由久次学士担任。,reviewed,source_transcription,high,chs:passage:song-shi-162-hanlin,翰林学士承旨、翰林学士、知制诰、直学士院、翰林权直、学士院权直，掌制、诰、诏、令撰述之事。,chs:source:song-shi,《宋史》,chs:edition:song-shi-wikisource-zh-hans,chs:locator:song-shi-162-hanlin,《宋史》卷162“翰林学士院”职掌段,https://zh.wikisource.org/zh-hans/宋史/卷162#翰林学士院,supports,explicit_statement,direct,0.3.1-research.1,CC BY 4.0；第三方短引文仍遵循各来源标注的权利和引用条件,除授项目组：《除授北宋文官制度研究种子集》，0.3.1-research.1，2026-07-13。
chs:evidence:core-hanlin-xueshi-chengzhi-status,chs:assertion:usage-hanlin-xueshi-chengzhi,chs:title-usage:hanlin-xueshi-chengzhi-northern-song,leads_drafting_service,,翰林学士承旨参与制诰诏令撰述，不常置，由久次学士担任。,reviewed,source_transcription,high,chs:passage:song-shi-162-hanlin-chengzhi,承旨，不常置，以学士久次者为之。,chs:source:song-shi,《宋史》,chs:edition:song-shi-wikisource-zh-hans,chs:locator:song-shi-162-hanlin,《宋史》卷162“翰林学士院”职掌段,https://zh.wikisource.org/zh-hans/宋史/卷162#翰林学士院,supports,explicit_statement,direct,0.3.1-research.1,CC BY 4.0；第三方短引文仍遵循各来源标注的权利和引用条件,除授项目组：《除授北宋文官制度研究种子集》，0.3.1-research.1，2026-07-13。
chs:evidence:core-zhizhigao,chs:assertion:usage-zhizhigao,chs:title-usage:zhizhigao-pre-yuanfeng,drafts_state_commands,,知制诰与翰林学士等掌制、诰、诏、令撰述，兼具文翰资望与实际词命工作。,reviewed,source_transcription,high,chs:passage:song-shi-162-hanlin,翰林学士承旨、翰林学士、知制诰、直学士院、翰林权直、学士院权直，掌制、诰、诏、令撰述之事。,chs:source:song-shi,《宋史》,chs:edition:song-shi-wikisource-zh-hans,chs:locator:song-shi-162-hanlin,《宋史》卷162“翰林学士院”职掌段,https://zh.wikisource.org/zh-hans/宋史/卷162#翰林学士院,supports,explicit_statement,direct,0.3.1-research.1,CC BY 4.0；第三方短引文仍遵循各来源标注的权利和引用条件,除授项目组：《除授北宋文官制度研究种子集》，0.3.1-research.1，2026-07-13。
chs:evidence:core-hanlin-shidu-xueshi,chs:assertion:usage-hanlin-shidu-xueshi,chs:title-usage:hanlin-shidu-xueshi-yuanfeng,changes_title_status,,元丰废翰林侍读学士名而以兼官任之；元祐七年复号，元符元年再省。,reviewed,source_transcription,high,chs:passage:song-shi-162-hanlin-shidu,元丰官制，废翰林侍读、侍讲学士不置，但以为兼官。元祐七年，复增学士之号，元符元年省去。,chs:source:song-shi,《宋史》,chs:edition:song-shi-wikisource-zh-hans,chs:locator:song-shi-162-hanlin,《宋史》卷162“翰林学士院”职掌段,https://zh.wikisource.org/zh-hans/宋史/卷162#翰林学士院,supports,explicit_statement,direct,0.3.1-research.1,CC BY 4.0；第三方短引文仍遵循各来源标注的权利和引用条件,除授项目组：《除授北宋文官制度研究种子集》，0.3.1-research.1，2026-07-13。
chs:evidence:core-longtu-zhixueshi,chs:assertion:usage-longtu-zhixueshi,chs:title-usage:longtu-zhixueshi-northern-song,serves_as_academy_title,,龙图阁直学士景德四年设置，属于馆阁贴职序列。,reviewed,source_transcription,medium,chs:passage:song-shi-162-longtu-subtitles,直学士，景德四年置。待制，景德元年置；自改官制，为学士初复之职，或知制诰平出除之。,chs:source:song-shi,《宋史》,chs:edition:song-shi-wikisource-zh-hans,chs:locator:song-shi-162-longtu-subtitles,《宋史》卷162龙图阁直学士、待制段,https://zh.wikisource.org/zh-hans/宋史/卷162#龙图阁,supports,explicit_statement,direct,0.3.1-research.1,CC BY 4.0；第三方短引文仍遵循各来源标注的权利和引用条件,除授项目组：《除授北宋文官制度研究种子集》，0.3.1-research.1，2026-07-13。
chs:evidence:core-longtu-daizhi,chs:assertion:usage-longtu-daizhi,chs:title-usage:longtu-daizhi-northern-song,serves_as_academy_title,,龙图阁待制景德元年设置；改制后是学士初复之职或可由知制诰平出。,reviewed,source_transcription,medium,chs:passage:song-shi-162-longtu-subtitles,直学士，景德四年置。待制，景德元年置；自改官制，为学士初复之职，或知制诰平出除之。,chs:source:song-shi,《宋史》,chs:edition:song-shi-wikisource-zh-hans,chs:locator:song-shi-162-longtu-subtitles,《宋史》卷162龙图阁直学士、待制段,https://zh.wikisource.org/zh-hans/宋史/卷162#龙图阁,supports,explicit_statement,direct,0.3.1-research.1,CC BY 4.0；第三方短引文仍遵循各来源标注的权利和引用条件,除授项目组：《除授北宋文官制度研究种子集》，0.3.1-research.1，2026-07-13。
chs:evidence:core-yushi-zhongcheng,chs:assertion:usage-yushi-zhongcheng,chs:title-usage:yushi-zhongcheng-northern-song,leads_censorate,,御史中丞为御史台台长，统摄纠察纲纪台务。,reviewed,source_transcription,medium,chs:passage:song-shi-164-yushi-zhongcheng,中丞一人，为台长。侍御史一人，掌贰台政。殿中侍御史二人，掌以仪法纠百官之失。监察御史六人，掌分察六曹及百司之事，纠其谬误。,chs:source:song-shi,《宋史》,chs:edition:song-shi-wikisource-zh-hans,chs:locator:song-shi-164-yushitai,《宋史》卷164“御史台”及中丞职掌段,https://zh.wikisource.org/zh-hans/宋史/卷164#御史臺,supports,explicit_statement,direct,0.3.1-research.1,CC BY 4.0；第三方短引文仍遵循各来源标注的权利和引用条件,除授项目组：《除授北宋文官制度研究种子集》，0.3.1-research.1，2026-07-13。
chs:evidence:core-shiyushi,chs:assertion:usage-shiyushi,chs:title-usage:shiyushi-northern-song,deputizes_censorate,,侍御史隶台院，掌贰御史台政务。,reviewed,source_transcription,medium,chs:passage:song-shi-164-yushi-zhongcheng,中丞一人，为台长。侍御史一人，掌贰台政。殿中侍御史二人，掌以仪法纠百官之失。监察御史六人，掌分察六曹及百司之事，纠其谬误。,chs:source:song-shi,《宋史》,chs:edition:song-shi-wikisource-zh-hans,chs:locator:song-shi-164-yushitai,《宋史》卷164“御史台”及中丞职掌段,https://zh.wikisource.org/zh-hans/宋史/卷164#御史臺,supports,explicit_statement,direct,0.3.1-research.1,CC BY 4.0；第三方短引文仍遵循各来源标注的权利和引用条件,除授项目组：《除授北宋文官制度研究种子集》，0.3.1-research.1，2026-07-13。
chs:evidence:core-dianzhong-shiyushi,chs:assertion:usage-dianzhong-shiyushi,chs:title-usage:dianzhong-shiyushi-northern-song,censors_court_ritual,,殿中侍御史隶殿院，以仪法纠百官之失。,reviewed,source_transcription,medium,chs:passage:song-shi-164-yushi-zhongcheng,中丞一人，为台长。侍御史一人，掌贰台政。殿中侍御史二人，掌以仪法纠百官之失。监察御史六人，掌分察六曹及百司之事，纠其谬误。,chs:source:song-shi,《宋史》,chs:edition:song-shi-wikisource-zh-hans,chs:locator:song-shi-164-yushitai,《宋史》卷164“御史台”及中丞职掌段,https://zh.wikisource.org/zh-hans/宋史/卷164#御史臺,supports,explicit_statement,direct,0.3.1-research.1,CC BY 4.0；第三方短引文仍遵循各来源标注的权利和引用条件,除授项目组：《除授北宋文官制度研究种子集》，0.3.1-research.1，2026-07-13。
chs:evidence:core-jiancha-yushi,chs:assertion:usage-jiancha-yushi,chs:title-usage:jiancha-yushi-northern-song,censors_central_offices,,监察御史隶察院，分察六曹及百司并纠其谬误。,reviewed,source_transcription,medium,chs:passage:song-shi-164-yushi-zhongcheng,中丞一人，为台长。侍御史一人，掌贰台政。殿中侍御史二人，掌以仪法纠百官之失。监察御史六人，掌分察六曹及百司之事，纠其谬误。,chs:source:song-shi,《宋史》,chs:edition:song-shi-wikisource-zh-hans,chs:locator:song-shi-164-yushitai,《宋史》卷164“御史台”及中丞职掌段,https://zh.wikisource.org/zh-hans/宋史/卷164#御史臺,supports,explicit_statement,direct,0.3.1-research.1,CC BY 4.0；第三方短引文仍遵循各来源标注的权利和引用条件,除授项目组：《除授北宋文官制度研究种子集》，0.3.1-research.1，2026-07-13。
chs:evidence:institution-three-departments,chs:assertion:institution-three-departments-yuanfeng,chs:institution-version:three-departments-yuanfeng,has_institutional_structure,,元丰新官制于门下、中书、尚书三省重置长官及其实际行职安排。,reviewed,source_transcription,high,chs:passage:song-shi-161-chief-councilor-yuanfeng,神宗新官制，于三省置侍中、中书令、尚书令，以官高不除人，而以尚书令之贰左、右仆射为宰相。左仆射兼门下侍郎，以行侍中之职；右仆射兼中书侍郎，以行中书令之职。,chs:source:song-shi,《宋史》,chs:edition:song-shi-wikisource-zh-hans,chs:locator:song-shi-161-chief-councilor,《宋史》卷161“宰相之职”第1段,https://zh.wikisource.org/zh-hans/宋史/卷161#宰相之职,supports,explicit_statement,direct,0.3.1-research.1,CC BY 4.0；第三方短引文仍遵循各来源标注的权利和引用条件,除授项目组：《除授北宋文官制度研究种子集》，0.3.1-research.1，2026-07-13。
chs:evidence:institution-menxia,chs:assertion:institution-menxia-yuanfeng,chs:institution-version:menxia-sheng-yuanfeng,has_function,,门下省参与议政并审中外出纳，官制行后由左仆射兼门下侍郎行侍中职。,reviewed,source_transcription,high,chs:passage:song-shi-161-menxia-offices,侍中，掌佐天子议大政，审中外出纳之事。国朝以秩高罕除。官制行，以左仆射兼门下侍郎行侍中职，别置侍郎以佐之。,chs:source:song-shi,《宋史》,chs:edition:song-shi-wikisource-zh-hans,chs:locator:song-shi-161-menxia-offices,《宋史》卷161“门下省”及所属官段,https://zh.wikisource.org/zh-hans/宋史/卷161#门下省,supports,explicit_statement,direct,0.3.1-research.1,CC BY 4.0；第三方短引文仍遵循各来源标注的权利和引用条件,除授项目组：《除授北宋文官制度研究种子集》，0.3.1-research.1，2026-07-13。
chs:evidence:institution-zhongshu,chs:assertion:institution-zhongshu-yuanfeng,chs:institution-version:zhongshu-sheng-yuanfeng,has_function,,中书省参与议政并承宣命令，官制行后由右仆射兼中书侍郎行中书令职。,reviewed,source_transcription,high,chs:passage:song-shi-161-zhongshu-ling,令，掌佐天子议大政，授所行命令而宣之。国朝未尝真拜，以他官兼领者不预政事。官制行，以右仆射兼中书侍郎行令之职。,chs:source:song-shi,《宋史》,chs:edition:song-shi-wikisource-zh-hans,chs:locator:song-shi-161-zhongshu-offices,《宋史》卷161中书令、中书侍郎职掌段,https://zh.wikisource.org/zh-hans/宋史/卷161#中书省,supports,explicit_statement,direct,0.3.1-research.1,CC BY 4.0；第三方短引文仍遵循各来源标注的权利和引用条件,除授项目组：《除授北宋文官制度研究种子集》，0.3.1-research.1，2026-07-13。
chs:evidence:institution-shangshu,chs:assertion:institution-shangshu-yuanfeng,chs:institution-version:shangshu-sheng-yuanfeng,has_function,,尚书省会决六曹庶务，左右仆射、左右丞和左右司承担当前已证的长贰与省务。,reviewed,source_transcription,high,chs:passage:song-shi-161-shangshu-ling,令，掌佐天子议大政，奉所出命令而行之。其属有六曹，凡庶务皆会而决之。自建隆以来不除，惟亲王以使相兼领，不与政事。,chs:source:song-shi,《宋史》,chs:edition:song-shi-wikisource-zh-hans,chs:locator:song-shi-161-shangshu-offices,《宋史》卷161尚书省长贰与都司职掌段,https://zh.wikisource.org/zh-hans/宋史/卷161#尚书省,supports,explicit_statement,direct,0.3.1-research.1,CC BY 4.0；第三方短引文仍遵循各来源标注的权利和引用条件,除授项目组：《除授北宋文官制度研究种子集》，0.3.1-research.1，2026-07-13。
chs:evidence:institution-shumi-pre,chs:assertion:institution-shumi-pre-yuanfeng,chs:institution-version:shumi-yuan-pre-yuanfeng-five,has_function,,枢密使、知院事主兵政，同知、副使、签书为贰，并与三省处理军旅奏事。,reviewed,source_transcription,high,chs:passage:song-shi-162-shumi-offices,枢密使、知院事，佐天子执兵政，而同知、副使、签书为之贰。凡边防军旅之常务，与三省分班禀奏；事干国体，则宰相、执政官合奏。,chs:source:song-shi,《宋史》,chs:edition:song-shi-wikisource-zh-hans,chs:locator:song-shi-162-shumi-offices,《宋史》卷162枢密院及长贰职掌段,https://zh.wikisource.org/zh-hans/宋史/卷162#枢密使_知院事_同知院事_枢密副使_签书院事_同签书院事,supports,explicit_statement,direct,0.3.1-research.1,CC BY 4.0；第三方短引文仍遵循各来源标注的权利和引用条件,除授项目组：《除授北宋文官制度研究种子集》，0.3.1-research.1，2026-07-13。
chs:evidence:institution-shumi-yuanfeng-function,chs:assertion:institution-shumi-yuanfeng-five,chs:institution-version:shumi-yuan-yuanfeng-five,has_reformed_structure,,元丰五年定置知院、同知院而罢使、副；枢密院仍掌兵政并与三省分班或合奏。,reviewed,source_transcription,high,chs:passage:song-shi-162-shumi-offices,枢密使、知院事，佐天子执兵政，而同知、副使、签书为之贰。凡边防军旅之常务，与三省分班禀奏；事干国体，则宰相、执政官合奏。,chs:source:song-shi,《宋史》,chs:edition:song-shi-wikisource-zh-hans,chs:locator:song-shi-162-shumi-offices,《宋史》卷162枢密院及长贰职掌段,https://zh.wikisource.org/zh-hans/宋史/卷162#枢密使_知院事_同知院事_枢密副使_签书院事_同签书院事,supports,explicit_statement,direct,0.3.1-research.1,CC BY 4.0；第三方短引文仍遵循各来源标注的权利和引用条件,除授项目组：《除授北宋文官制度研究种子集》，0.3.1-research.1，2026-07-13。
chs:evidence:institution-shumi-yuanfeng-structure,chs:assertion:institution-shumi-yuanfeng-five,chs:institution-version:shumi-yuan-yuanfeng-five,has_reformed_structure,,元丰五年定置知院、同知院而罢使、副；枢密院仍掌兵政并与三省分班或合奏。,reviewed,source_transcription,high,chs:passage:song-shi-162-shumi-yuanfeng,元丰五年，乃定置知院、同知院二人，使、副悉罢。元祐初，复置签书院事。,chs:source:song-shi,《宋史》,chs:edition:song-shi-wikisource-zh-hans,chs:locator:song-shi-162-shumi-offices,《宋史》卷162枢密院及长贰职掌段,https://zh.wikisource.org/zh-hans/宋史/卷162#枢密使_知院事_同知院事_枢密副使_签书院事_同签书院事,supports,explicit_statement,direct,0.3.1-research.1,CC BY 4.0；第三方短引文仍遵循各来源标注的权利和引用条件,除授项目组：《除授北宋文官制度研究种子集》，0.3.1-research.1，2026-07-13。
chs:evidence:institution-sansi-function,chs:assertion:institution-sansi-pre-yuanfeng,chs:institution-version:sansi-pre-yuanfeng,has_function,,三司总国计并通管盐铁、度支、户部；元丰官制行后罢三司使并归户部。,reviewed,source_transcription,high,chs:passage:song-shi-162-sansi-shi,三司之职，国初沿五代之制，置使以总国计，应四方贡赋之入，朝廷之预，一归三司。通管盐铁、度支、户部，号曰计省。,chs:source:song-shi,《宋史》,chs:edition:song-shi-wikisource-zh-hans,chs:locator:song-shi-162-sansi-shi,《宋史》卷162“三司使”总论及职掌段,https://zh.wikisource.org/zh-hans/宋史/卷162#三司使,supports,explicit_statement,direct,0.3.1-research.1,CC BY 4.0；第三方短引文仍遵循各来源标注的权利和引用条件,除授项目组：《除授北宋文官制度研究种子集》，0.3.1-research.1，2026-07-13。
chs:evidence:institution-sansi-reform,chs:assertion:institution-sansi-pre-yuanfeng,chs:institution-version:sansi-pre-yuanfeng,has_function,,三司总国计并通管盐铁、度支、户部；元丰官制行后罢三司使并归户部。,reviewed,source_transcription,high,chs:passage:song-shi-162-sansi-yuanfeng,以上并属三司使。元丰官制行，罢三司使并归户部。,chs:source:song-shi,《宋史》,chs:edition:song-shi-wikisource-zh-hans,chs:locator:song-shi-162-sansi-shi,《宋史》卷162“三司使”总论及职掌段,https://zh.wikisource.org/zh-hans/宋史/卷162#三司使,supports,explicit_statement,direct,0.3.1-research.1,CC BY 4.0；第三方短引文仍遵循各来源标注的权利和引用条件,除授项目组：《除授北宋文官制度研究种子集》，0.3.1-research.1，2026-07-13。
chs:evidence:institution-hanlin,chs:assertion:institution-hanlin-northern-song,chs:institution-version:hanlin-xueshi-yuan-northern-song,has_function,,翰林学士院当前已证职掌为制、诰、诏、令撰述。,reviewed,source_transcription,high,chs:passage:song-shi-162-hanlin,翰林学士承旨、翰林学士、知制诰、直学士院、翰林权直、学士院权直，掌制、诰、诏、令撰述之事。,chs:source:song-shi,《宋史》,chs:edition:song-shi-wikisource-zh-hans,chs:locator:song-shi-162-hanlin,《宋史》卷162“翰林学士院”职掌段,https://zh.wikisource.org/zh-hans/宋史/卷162#翰林学士院,supports,explicit_statement,direct,0.3.1-research.1,CC BY 4.0；第三方短引文仍遵循各来源标注的权利和引用条件,除授项目组：《除授北宋文官制度研究种子集》，0.3.1-research.1，2026-07-13。
chs:evidence:institution-longtu,chs:assertion:institution-longtu-current-scope,chs:institution-version:longtu-ge-northern-song,contains_title_usage,,龙图阁条下当前可定位直学士与待制两类馆职名号；不由此推导完整机构功能。,reviewed,source_transcription,medium,chs:passage:song-shi-162-longtu-subtitles,直学士，景德四年置。待制，景德元年置；自改官制，为学士初复之职，或知制诰平出除之。,chs:source:song-shi,《宋史》,chs:edition:song-shi-wikisource-zh-hans,chs:locator:song-shi-162-longtu-subtitles,《宋史》卷162龙图阁直学士、待制段,https://zh.wikisource.org/zh-hans/宋史/卷162#龙图阁,supports,explicit_statement,direct,0.3.1-research.1,CC BY 4.0；第三方短引文仍遵循各来源标注的权利和引用条件,除授项目组：《除授北宋文官制度研究种子集》，0.3.1-research.1，2026-07-13。
chs:evidence:institution-yushitai,chs:assertion:institution-yushitai-northern-song,chs:institution-version:yushitai-northern-song,has_function,,御史台纠察官邪、肃正纲纪，下分台院、殿院和察院。,reviewed,source_transcription,high,chs:passage:song-shi-164-yushitai,御史台掌纠察官邪，肃正纲纪。大事则廷辨，小事则奏弹。其属有三院：一曰台院，侍御史隶焉；二曰殿院，殿中侍御史隶焉；三曰察院，监察御史隶焉。,chs:source:song-shi,《宋史》,chs:edition:song-shi-wikisource-zh-hans,chs:locator:song-shi-164-yushitai,《宋史》卷164“御史台”及中丞职掌段,https://zh.wikisource.org/zh-hans/宋史/卷164#御史臺,supports,explicit_statement,direct,0.3.1-research.1,CC BY 4.0；第三方短引文仍遵循各来源标注的权利和引用条件,除授项目组：《除授北宋文官制度研究种子集》，0.3.1-research.1，2026-07-13。
chs:evidence:wang-anshi-identity,chs:assertion:wang-anshi-identity,chs:person:wang-anshi,has_identity,,王安石，字介甫，抚州临川人。,reviewed,source_transcription,high,chs:passage:song-shi-327-wang-anshi-identity,王安石，字介甫，抚州临川人。,chs:source:song-shi,《宋史》,chs:edition:song-shi-wikisource-zh-hans,chs:locator:song-shi-327-wang-anshi,《宋史》卷327王安石传首段、熙宁二年段,https://zh.wikisource.org/zh-hans/宋史/卷327#王安石,supports,explicit_statement,direct,0.3.1-research.1,CC BY 4.0；第三方短引文仍遵循各来源标注的权利和引用条件,除授项目组：《除授北宋文官制度研究种子集》，0.3.1-research.1，2026-07-13。
chs:evidence:wang-anshi-canzhi,chs:assertion:appointment-wang-anshi-canzhi,chs:appointment:wang-anshi-canzhi-zhengshi,records_appointment,,熙宁二年二月，王安石拜参知政事。,reviewed,source_transcription,high,chs:passage:song-shi-327-wang-anshi-canzhi,二年二月，拜参知政事。,chs:source:song-shi,《宋史》,chs:edition:song-shi-wikisource-zh-hans,chs:locator:song-shi-327-wang-anshi,《宋史》卷327王安石传首段、熙宁二年段,https://zh.wikisource.org/zh-hans/宋史/卷327#王安石,supports,explicit_statement,direct,0.3.1-research.1,CC BY 4.0；第三方短引文仍遵循各来源标注的权利和引用条件,除授项目组：《除授北宋文官制度研究种子集》，0.3.1-research.1，2026-07-13。
chs:evidence:sima-guang-identity,chs:assertion:sima-guang-identity,chs:person:sima-guang,has_identity,,司马光，字君实，陕州夏县人。,reviewed,source_transcription,high,chs:passage:song-shi-336-sima-guang-identity,司马光，字君实，陕州夏县人也。,chs:source:song-shi,《宋史》,chs:edition:song-shi-wikisource-zh-hans,chs:locator:song-shi-336-sima-guang,《宋史》卷336司马光传首段、元祐元年段,https://zh.wikisource.org/zh-hans/宋史/卷336#司马光,supports,explicit_statement,direct,0.3.1-research.1,CC BY 4.0；第三方短引文仍遵循各来源标注的权利和引用条件,除授项目组：《除授北宋文官制度研究种子集》，0.3.1-research.1，2026-07-13。
chs:evidence:sima-guang-chancellor,chs:assertion:appointment-sima-guang-chancellor,chs:appointment:sima-guang-chancellor,records_appointment,,元祐元年，司马光拜尚书左仆射兼门下侍郎。,reviewed,source_transcription,high,chs:passage:song-shi-336-sima-guang-chancellor,拜尚书左仆射兼门下侍郎，免朝觐，许乘肩舆，三日一入省。,chs:source:song-shi,《宋史》,chs:edition:song-shi-wikisource-zh-hans,chs:locator:song-shi-336-sima-guang,《宋史》卷336司马光传首段、元祐元年段,https://zh.wikisource.org/zh-hans/宋史/卷336#司马光,supports,explicit_statement,direct,0.3.1-research.1,CC BY 4.0；第三方短引文仍遵循各来源标注的权利和引用条件,除授项目组：《除授北宋文官制度研究种子集》，0.3.1-research.1，2026-07-13。
chs:evidence:zhang-dun-identity,chs:assertion:zhang-dun-identity,chs:person:zhang-dun,has_identity,,章惇，字子厚，建州浦城人。,reviewed,source_transcription,high,chs:passage:song-shi-471-zhang-dun-identity,章惇，字子厚，建州浦城人。,chs:source:song-shi,《宋史》,chs:edition:song-shi-wikisource-zh-hans,chs:locator:song-shi-471-zhang-dun,《宋史》卷471章惇传首段、元丰五年段,https://zh.wikisource.org/zh-hans/宋史/卷471#章惇,supports,explicit_statement,direct,0.3.1-research.1,CC BY 4.0；第三方短引文仍遵循各来源标注的权利和引用条件,除授项目组：《除授北宋文官制度研究种子集》，0.3.1-research.1，2026-07-13。
chs:evidence:zhang-dun-menxia,chs:assertion:appointment-zhang-dun-menxia,chs:appointment:zhang-dun-menxia-shilang,records_appointment,,元丰五年，章惇召拜门下侍郎。,reviewed,source_transcription,high,chs:passage:song-shi-471-zhang-dun-menxia,五年，召拜门下侍郎。,chs:source:song-shi,《宋史》,chs:edition:song-shi-wikisource-zh-hans,chs:locator:song-shi-471-zhang-dun,《宋史》卷471章惇传首段、元丰五年段,https://zh.wikisource.org/zh-hans/宋史/卷471#章惇,supports,explicit_statement,direct,0.3.1-research.1,CC BY 4.0；第三方短引文仍遵循各来源标注的权利和引用条件,除授项目组：《除授北宋文官制度研究种子集》，0.3.1-research.1，2026-07-13。
chs:evidence:rank-scheme-pre-yuanfeng-lines,chs:assertion:rank-scheme-pre-yuanfeng-yuanwailang-lines,chs:rank-scheme:pre-yuanfeng-yuanwailang-lines,has_local_order,,换官表的当前局部依次列前行、中行、后行员外郎，并分别对应朝请郎、朝散郎、朝奉郎。,reviewed,manual_curation,high,chs:passage:song-shi-169-yuanfeng-yuanwailang-crosswalk,新官　旧官：朝请郎，前行员外郎、侍御史；朝散郎，中行员外郎、起居舍人；朝奉郎，后行员外郎、左、右司谏；承议郎，左、右正言、太常、国子博士。,chs:source:song-shi,《宋史》,chs:edition:song-shi-wikisource-zh-hans,chs:locator:song-shi-169-yuanfeng-crosswalk,《宋史》卷169元丰寄禄格与换官表,https://zh.wikisource.org/zh-hans/宋史/卷169#文官,supports,explicit_statement,direct,0.3.1-research.1,CC BY 4.0；第三方短引文仍遵循各来源标注的权利和引用条件,除授项目组：《除授北宋文官制度研究种子集》，0.3.1-research.1，2026-07-13。
chs:evidence:rank-scheme-yuanfeng-jilu-overview,chs:assertion:rank-scheme-yuanfeng-jilu-24,chs:rank-scheme:yuanfeng-jilu-24,defines_rank_scheme,,《元丰寄禄格》以阶易官并被《宋史》概括为二十四阶；当前数据仅录四个相邻条目。,reviewed,manual_curation,high,chs:passage:song-shi-169-yuanfeng-jilu-overview,《元丰寄禄格》以阶易官，杂取唐及国朝旧制，自开府仪同三司至将仕郎，定为二十四阶，崇宁初，因刑部尚书邓洵武请，又换选人七阶。,chs:source:song-shi,《宋史》,chs:edition:song-shi-wikisource-zh-hans,chs:locator:song-shi-169-yuanfeng-crosswalk,《宋史》卷169元丰寄禄格与换官表,https://zh.wikisource.org/zh-hans/宋史/卷169#文官,supports,explicit_statement,direct,0.3.1-research.1,CC BY 4.0；第三方短引文仍遵循各来源标注的权利和引用条件,除授项目组：《除授北宋文官制度研究种子集》，0.3.1-research.1，2026-07-13。
chs:evidence:rank-scheme-yuanfeng-jilu-local-order,chs:assertion:rank-scheme-yuanfeng-jilu-24,chs:rank-scheme:yuanfeng-jilu-24,defines_rank_scheme,,《元丰寄禄格》以阶易官并被《宋史》概括为二十四阶；当前数据仅录四个相邻条目。,reviewed,manual_curation,high,chs:passage:song-shi-169-yuanfeng-yuanwailang-crosswalk,新官　旧官：朝请郎，前行员外郎、侍御史；朝散郎，中行员外郎、起居舍人；朝奉郎，后行员外郎、左、右司谏；承议郎，左、右正言、太常、国子博士。,chs:source:song-shi,《宋史》,chs:edition:song-shi-wikisource-zh-hans,chs:locator:song-shi-169-yuanfeng-crosswalk,《宋史》卷169元丰寄禄格与换官表,https://zh.wikisource.org/zh-hans/宋史/卷169#文官,supports,explicit_statement,direct,0.3.1-research.1,CC BY 4.0；第三方短引文仍遵循各来源标注的权利和引用条件,除授项目组：《除授北宋文官制度研究种子集》，0.3.1-research.1，2026-07-13。
chs:evidence:rank-scheme-wensan-29,chs:assertion:rank-scheme-civil-scattered-29,chs:rank-scheme:civil-scattered-29-songzhi,defines_grade_table,,《宋史》卷169列文散官二十九，并为当前切片中的阶名标注正、从及上下品级。,reviewed,source_transcription,high,chs:passage:song-shi-169-civil-scattered-rank-slice,文散官二十九：……中散大夫〈正五上〉、朝奉大夫〈正五〉、朝散大夫〈从五上〉、朝请大夫〈从五〉、朝奉郎〈正六上〉、承直郎〈正六〉。,chs:source:song-shi,《宋史》,chs:edition:song-shi-wikisource-zh-hans,chs:locator:song-shi-169-civil-scattered-ranks,《宋史》卷169“文散官”品级表,https://zh.wikisource.org/zh-hans/宋史/卷169#文散官,supports,explicit_statement,direct,0.3.1-research.1,CC BY 4.0；第三方短引文仍遵循各来源标注的权利和引用条件,除授项目组：《除授北宋文官制度研究种子集》，0.3.1-research.1，2026-07-13。
chs:evidence:rank-pre-qianxing,chs:assertion:rank-pre-yuanfeng-qianxing-yuanwailang,chs:rank:pre-yuanfeng-qianxing-yuanwailang,appears_in_conversion_order,,前行员外郎是当前三行切片的第一项，并列为朝请郎所换旧官。,reviewed,source_transcription,high,chs:passage:song-shi-169-yuanfeng-yuanwailang-crosswalk,新官　旧官：朝请郎，前行员外郎、侍御史；朝散郎，中行员外郎、起居舍人；朝奉郎，后行员外郎、左、右司谏；承议郎，左、右正言、太常、国子博士。,chs:source:song-shi,《宋史》,chs:edition:song-shi-wikisource-zh-hans,chs:locator:song-shi-169-yuanfeng-crosswalk,《宋史》卷169元丰寄禄格与换官表,https://zh.wikisource.org/zh-hans/宋史/卷169#文官,supports,explicit_statement,direct,0.3.1-research.1,CC BY 4.0；第三方短引文仍遵循各来源标注的权利和引用条件,除授项目组：《除授北宋文官制度研究种子集》，0.3.1-research.1，2026-07-13。
chs:evidence:rank-pre-zhongxing,chs:assertion:rank-pre-yuanfeng-zhongxing-yuanwailang,chs:rank:pre-yuanfeng-zhongxing-yuanwailang,appears_in_conversion_order,,中行员外郎是当前三行切片的第二项，并列为朝散郎所换旧官。,reviewed,source_transcription,high,chs:passage:song-shi-169-yuanfeng-yuanwailang-crosswalk,新官　旧官：朝请郎，前行员外郎、侍御史；朝散郎，中行员外郎、起居舍人；朝奉郎，后行员外郎、左、右司谏；承议郎，左、右正言、太常、国子博士。,chs:source:song-shi,《宋史》,chs:edition:song-shi-wikisource-zh-hans,chs:locator:song-shi-169-yuanfeng-crosswalk,《宋史》卷169元丰寄禄格与换官表,https://zh.wikisource.org/zh-hans/宋史/卷169#文官,supports,explicit_statement,direct,0.3.1-research.1,CC BY 4.0；第三方短引文仍遵循各来源标注的权利和引用条件,除授项目组：《除授北宋文官制度研究种子集》，0.3.1-research.1，2026-07-13。
chs:evidence:rank-pre-houxing,chs:assertion:rank-pre-yuanfeng-houxing-yuanwailang,chs:rank:pre-yuanfeng-houxing-yuanwailang,appears_in_conversion_order,,后行员外郎是当前三行切片的第三项，并列为朝奉郎所换旧官。,reviewed,source_transcription,high,chs:passage:song-shi-169-yuanfeng-yuanwailang-crosswalk,新官　旧官：朝请郎，前行员外郎、侍御史；朝散郎，中行员外郎、起居舍人；朝奉郎，后行员外郎、左、右司谏；承议郎，左、右正言、太常、国子博士。,chs:source:song-shi,《宋史》,chs:edition:song-shi-wikisource-zh-hans,chs:locator:song-shi-169-yuanfeng-crosswalk,《宋史》卷169元丰寄禄格与换官表,https://zh.wikisource.org/zh-hans/宋史/卷169#文官,supports,explicit_statement,direct,0.3.1-research.1,CC BY 4.0；第三方短引文仍遵循各来源标注的权利和引用条件,除授项目组：《除授北宋文官制度研究种子集》，0.3.1-research.1，2026-07-13。
chs:evidence:rank-yuanfeng-chaoqing,chs:assertion:rank-yuanfeng-chaoqing-lang,chs:rank:yuanfeng-chaoqing-lang,has_local_sequence,,朝请郎位于当前寄禄阶切片首项，在朝散郎、朝奉郎、承议郎之前。,reviewed,manual_curation,high,chs:passage:song-shi-169-yuanfeng-yuanwailang-crosswalk,新官　旧官：朝请郎，前行员外郎、侍御史；朝散郎，中行员外郎、起居舍人；朝奉郎，后行员外郎、左、右司谏；承议郎，左、右正言、太常、国子博士。,chs:source:song-shi,《宋史》,chs:edition:song-shi-wikisource-zh-hans,chs:locator:song-shi-169-yuanfeng-crosswalk,《宋史》卷169元丰寄禄格与换官表,https://zh.wikisource.org/zh-hans/宋史/卷169#文官,supports,explicit_statement,direct,0.3.1-research.1,CC BY 4.0；第三方短引文仍遵循各来源标注的权利和引用条件,除授项目组：《除授北宋文官制度研究种子集》，0.3.1-research.1，2026-07-13。
chs:evidence:rank-yuanfeng-chaosan,chs:assertion:rank-yuanfeng-chaosan-lang,chs:rank:yuanfeng-chaosan-lang,has_local_sequence,,朝散郎位于当前寄禄阶切片第二项，在朝请郎之后、朝奉郎之前。,reviewed,manual_curation,high,chs:passage:song-shi-169-yuanfeng-yuanwailang-crosswalk,新官　旧官：朝请郎，前行员外郎、侍御史；朝散郎，中行员外郎、起居舍人；朝奉郎，后行员外郎、左、右司谏；承议郎，左、右正言、太常、国子博士。,chs:source:song-shi,《宋史》,chs:edition:song-shi-wikisource-zh-hans,chs:locator:song-shi-169-yuanfeng-crosswalk,《宋史》卷169元丰寄禄格与换官表,https://zh.wikisource.org/zh-hans/宋史/卷169#文官,supports,explicit_statement,direct,0.3.1-research.1,CC BY 4.0；第三方短引文仍遵循各来源标注的权利和引用条件,除授项目组：《除授北宋文官制度研究种子集》，0.3.1-research.1，2026-07-13。
chs:evidence:rank-yuanfeng-chaofeng,chs:assertion:rank-yuanfeng-chaofeng-lang,chs:rank:yuanfeng-chaofeng-lang,has_local_sequence,,朝奉郎位于当前寄禄阶切片第三项，在朝散郎之后、承议郎之前。,reviewed,manual_curation,high,chs:passage:song-shi-169-yuanfeng-yuanwailang-crosswalk,新官　旧官：朝请郎，前行员外郎、侍御史；朝散郎，中行员外郎、起居舍人；朝奉郎，后行员外郎、左、右司谏；承议郎，左、右正言、太常、国子博士。,chs:source:song-shi,《宋史》,chs:edition:song-shi-wikisource-zh-hans,chs:locator:song-shi-169-yuanfeng-crosswalk,《宋史》卷169元丰寄禄格与换官表,https://zh.wikisource.org/zh-hans/宋史/卷169#文官,supports,explicit_statement,direct,0.3.1-research.1,CC BY 4.0；第三方短引文仍遵循各来源标注的权利和引用条件,除授项目组：《除授北宋文官制度研究种子集》，0.3.1-research.1，2026-07-13。
chs:evidence:rank-yuanfeng-chengyi,chs:assertion:rank-yuanfeng-chengyi-lang,chs:rank:yuanfeng-chengyi-lang,has_local_sequence,,承议郎位于当前寄禄阶切片第四项，在朝奉郎之后。,reviewed,manual_curation,high,chs:passage:song-shi-169-yuanfeng-yuanwailang-crosswalk,新官　旧官：朝请郎，前行员外郎、侍御史；朝散郎，中行员外郎、起居舍人；朝奉郎，后行员外郎、左、右司谏；承议郎，左、右正言、太常、国子博士。,chs:source:song-shi,《宋史》,chs:edition:song-shi-wikisource-zh-hans,chs:locator:song-shi-169-yuanfeng-crosswalk,《宋史》卷169元丰寄禄格与换官表,https://zh.wikisource.org/zh-hans/宋史/卷169#文官,supports,explicit_statement,direct,0.3.1-research.1,CC BY 4.0；第三方短引文仍遵循各来源标注的权利和引用条件,除授项目组：《除授北宋文官制度研究种子集》，0.3.1-research.1，2026-07-13。
chs:evidence:rank-wensan-zhongsan,chs:assertion:rank-wensan-zhongsan-daifu,chs:rank:wensan-zhongsan-daifu,has_grade_text,,中散大夫：正五上。,reviewed,source_transcription,high,chs:passage:song-shi-169-civil-scattered-rank-slice,文散官二十九：……中散大夫〈正五上〉、朝奉大夫〈正五〉、朝散大夫〈从五上〉、朝请大夫〈从五〉、朝奉郎〈正六上〉、承直郎〈正六〉。,chs:source:song-shi,《宋史》,chs:edition:song-shi-wikisource-zh-hans,chs:locator:song-shi-169-civil-scattered-ranks,《宋史》卷169“文散官”品级表,https://zh.wikisource.org/zh-hans/宋史/卷169#文散官,supports,explicit_statement,direct,0.3.1-research.1,CC BY 4.0；第三方短引文仍遵循各来源标注的权利和引用条件,除授项目组：《除授北宋文官制度研究种子集》，0.3.1-research.1，2026-07-13。
chs:evidence:rank-wensan-chaofeng-daifu,chs:assertion:rank-wensan-chaofeng-daifu,chs:rank:wensan-chaofeng-daifu,has_grade_text,,朝奉大夫：正五。,reviewed,source_transcription,high,chs:passage:song-shi-169-civil-scattered-rank-slice,文散官二十九：……中散大夫〈正五上〉、朝奉大夫〈正五〉、朝散大夫〈从五上〉、朝请大夫〈从五〉、朝奉郎〈正六上〉、承直郎〈正六〉。,chs:source:song-shi,《宋史》,chs:edition:song-shi-wikisource-zh-hans,chs:locator:song-shi-169-civil-scattered-ranks,《宋史》卷169“文散官”品级表,https://zh.wikisource.org/zh-hans/宋史/卷169#文散官,supports,explicit_statement,direct,0.3.1-research.1,CC BY 4.0；第三方短引文仍遵循各来源标注的权利和引用条件,除授项目组：《除授北宋文官制度研究种子集》，0.3.1-research.1，2026-07-13。
chs:evidence:rank-wensan-chaosan-daifu,chs:assertion:rank-wensan-chaosan-daifu,chs:rank:wensan-chaosan-daifu,has_grade_text,,朝散大夫：从五上。,reviewed,source_transcription,high,chs:passage:song-shi-169-civil-scattered-rank-slice,文散官二十九：……中散大夫〈正五上〉、朝奉大夫〈正五〉、朝散大夫〈从五上〉、朝请大夫〈从五〉、朝奉郎〈正六上〉、承直郎〈正六〉。,chs:source:song-shi,《宋史》,chs:edition:song-shi-wikisource-zh-hans,chs:locator:song-shi-169-civil-scattered-ranks,《宋史》卷169“文散官”品级表,https://zh.wikisource.org/zh-hans/宋史/卷169#文散官,supports,explicit_statement,direct,0.3.1-research.1,CC BY 4.0；第三方短引文仍遵循各来源标注的权利和引用条件,除授项目组：《除授北宋文官制度研究种子集》，0.3.1-research.1，2026-07-13。
chs:evidence:rank-wensan-chaoqing-daifu,chs:assertion:rank-wensan-chaoqing-daifu,chs:rank:wensan-chaoqing-daifu,has_grade_text,,朝请大夫：从五。,reviewed,source_transcription,high,chs:passage:song-shi-169-civil-scattered-rank-slice,文散官二十九：……中散大夫〈正五上〉、朝奉大夫〈正五〉、朝散大夫〈从五上〉、朝请大夫〈从五〉、朝奉郎〈正六上〉、承直郎〈正六〉。,chs:source:song-shi,《宋史》,chs:edition:song-shi-wikisource-zh-hans,chs:locator:song-shi-169-civil-scattered-ranks,《宋史》卷169“文散官”品级表,https://zh.wikisource.org/zh-hans/宋史/卷169#文散官,supports,explicit_statement,direct,0.3.1-research.1,CC BY 4.0；第三方短引文仍遵循各来源标注的权利和引用条件,除授项目组：《除授北宋文官制度研究种子集》，0.3.1-research.1，2026-07-13。
chs:evidence:rank-wensan-chaofeng-lang,chs:assertion:rank-wensan-chaofeng-lang,chs:rank:wensan-chaofeng-lang,has_grade_text,,文散官表中的朝奉郎标作正六上。,reviewed,source_transcription,high,chs:passage:song-shi-169-civil-scattered-rank-slice,文散官二十九：……中散大夫〈正五上〉、朝奉大夫〈正五〉、朝散大夫〈从五上〉、朝请大夫〈从五〉、朝奉郎〈正六上〉、承直郎〈正六〉。,chs:source:song-shi,《宋史》,chs:edition:song-shi-wikisource-zh-hans,chs:locator:song-shi-169-civil-scattered-ranks,《宋史》卷169“文散官”品级表,https://zh.wikisource.org/zh-hans/宋史/卷169#文散官,supports,explicit_statement,direct,0.3.1-research.1,CC BY 4.0；第三方短引文仍遵循各来源标注的权利和引用条件,除授项目组：《除授北宋文官制度研究种子集》，0.3.1-research.1，2026-07-13。
chs:evidence:rank-wensan-chengzhi-lang,chs:assertion:rank-wensan-chengzhi-lang,chs:rank:wensan-chengzhi-lang,has_grade_text,,承直郎：正六。,reviewed,source_transcription,high,chs:passage:song-shi-169-civil-scattered-rank-slice,文散官二十九：……中散大夫〈正五上〉、朝奉大夫〈正五〉、朝散大夫〈从五上〉、朝请大夫〈从五〉、朝奉郎〈正六上〉、承直郎〈正六〉。,chs:source:song-shi,《宋史》,chs:edition:song-shi-wikisource-zh-hans,chs:locator:song-shi-169-civil-scattered-ranks,《宋史》卷169“文散官”品级表,https://zh.wikisource.org/zh-hans/宋史/卷169#文散官,supports,explicit_statement,direct,0.3.1-research.1,CC BY 4.0；第三方短引文仍遵循各来源标注的权利和引用条件,除授项目组：《除授北宋文官制度研究种子集》，0.3.1-research.1，2026-07-13。
chs:evidence:crosswalk-qianxing-chaoqing,chs:assertion:crosswalk-qianxing-to-chaoqing,chs:rank:pre-yuanfeng-qianxing-yuanwailang,replaced_by,chs:rank:yuanfeng-chaoqing-lang,,reviewed,source_transcription,high,chs:passage:song-shi-169-yuanfeng-yuanwailang-crosswalk,新官　旧官：朝请郎，前行员外郎、侍御史；朝散郎，中行员外郎、起居舍人；朝奉郎，后行员外郎、左、右司谏；承议郎，左、右正言、太常、国子博士。,chs:source:song-shi,《宋史》,chs:edition:song-shi-wikisource-zh-hans,chs:locator:song-shi-169-yuanfeng-crosswalk,《宋史》卷169元丰寄禄格与换官表,https://zh.wikisource.org/zh-hans/宋史/卷169#文官,supports,explicit_statement,direct,0.3.1-research.1,CC BY 4.0；第三方短引文仍遵循各来源标注的权利和引用条件,除授项目组：《除授北宋文官制度研究种子集》，0.3.1-research.1，2026-07-13。
chs:evidence:crosswalk-zhongxing-chaosan,chs:assertion:crosswalk-zhongxing-to-chaosan,chs:rank:pre-yuanfeng-zhongxing-yuanwailang,replaced_by,chs:rank:yuanfeng-chaosan-lang,,reviewed,source_transcription,high,chs:passage:song-shi-169-yuanfeng-yuanwailang-crosswalk,新官　旧官：朝请郎，前行员外郎、侍御史；朝散郎，中行员外郎、起居舍人；朝奉郎，后行员外郎、左、右司谏；承议郎，左、右正言、太常、国子博士。,chs:source:song-shi,《宋史》,chs:edition:song-shi-wikisource-zh-hans,chs:locator:song-shi-169-yuanfeng-crosswalk,《宋史》卷169元丰寄禄格与换官表,https://zh.wikisource.org/zh-hans/宋史/卷169#文官,supports,explicit_statement,direct,0.3.1-research.1,CC BY 4.0；第三方短引文仍遵循各来源标注的权利和引用条件,除授项目组：《除授北宋文官制度研究种子集》，0.3.1-research.1，2026-07-13。
chs:evidence:crosswalk-houxing-chaofeng,chs:assertion:crosswalk-houxing-to-chaofeng,chs:rank:pre-yuanfeng-houxing-yuanwailang,replaced_by,chs:rank:yuanfeng-chaofeng-lang,,reviewed,source_transcription,high,chs:passage:song-shi-169-yuanfeng-yuanwailang-crosswalk,新官　旧官：朝请郎，前行员外郎、侍御史；朝散郎，中行员外郎、起居舍人；朝奉郎，后行员外郎、左、右司谏；承议郎，左、右正言、太常、国子博士。,chs:source:song-shi,《宋史》,chs:edition:song-shi-wikisource-zh-hans,chs:locator:song-shi-169-yuanfeng-crosswalk,《宋史》卷169元丰寄禄格与换官表,https://zh.wikisource.org/zh-hans/宋史/卷169#文官,supports,explicit_statement,direct,0.3.1-research.1,CC BY 4.0；第三方短引文仍遵循各来源标注的权利和引用条件,除授项目组：《除授北宋文官制度研究种子集》，0.3.1-research.1，2026-07-13。
chs:evidence:crosswalk-wensan-candidate-same-label,chs:assertion:crosswalk-wensan-chaofeng-candidate,chs:rank:wensan-chaofeng-lang,may_align_with,chs:rank:yuanfeng-chaofeng-lang,,contested,contextual_inference,low,chs:passage:song-shi-169-civil-scattered-rank-slice,文散官二十九：……中散大夫〈正五上〉、朝奉大夫〈正五〉、朝散大夫〈从五上〉、朝请大夫〈从五〉、朝奉郎〈正六上〉、承直郎〈正六〉。,chs:source:song-shi,《宋史》,chs:edition:song-shi-wikisource-zh-hans,chs:locator:song-shi-169-civil-scattered-ranks,《宋史》卷169“文散官”品级表,https://zh.wikisource.org/zh-hans/宋史/卷169#文散官,supports,contextual_inference,indirect,0.3.1-research.1,CC BY 4.0；第三方短引文仍遵循各来源标注的权利和引用条件,除授项目组：《除授北宋文官制度研究种子集》，0.3.1-research.1，2026-07-13。
chs:evidence:crosswalk-wensan-candidate-qualified,chs:assertion:crosswalk-wensan-chaofeng-candidate,chs:rank:wensan-chaofeng-lang,may_align_with,chs:rank:yuanfeng-chaofeng-lang,,contested,contextual_inference,low,chs:passage:song-shi-169-yuanfeng-jilu-overview,《元丰寄禄格》以阶易官，杂取唐及国朝旧制，自开府仪同三司至将仕郎，定为二十四阶，崇宁初，因刑部尚书邓洵武请，又换选人七阶。,chs:source:song-shi,《宋史》,chs:edition:song-shi-wikisource-zh-hans,chs:locator:song-shi-169-yuanfeng-crosswalk,《宋史》卷169元丰寄禄格与换官表,https://zh.wikisource.org/zh-hans/宋史/卷169#文官,qualifies,contextual_inference,indirect,0.3.1-research.1,CC BY 4.0；第三方短引文仍遵循各来源标注的权利和引用条件,除授项目组：《除授北宋文官制度研究种子集》，0.3.1-research.1，2026-07-13。
chs:evidence:usage-chaofeng-rank-link-person,chs:assertion:usage-chaofeng-lang-rank-link,chs:title-usage:chaofeng-lang-yuanyou,uses_rank,chs:rank:yuanfeng-chaofeng-lang,,reviewed,contextual_inference,medium,chs:passage:song-shi-338-yuanyou,神宗崩，哲宗立，复朝奉郎、知登州，召为礼部郎中。迁起居舍人。元祐元年，轼以七品服入侍延和，即赐银绯，迁中书舍人。寻除翰林学士。,chs:source:song-shi,《宋史》,chs:edition:song-shi-wikisource-zh-hans,chs:locator:song-shi-338-yuanyou,《宋史》卷338苏轼传元祐任官诸段,https://zh.wikisource.org/zh-hans/宋史/卷338#苏轼,supports,explicit_statement,direct,0.3.1-research.1,CC BY 4.0；第三方短引文仍遵循各来源标注的权利和引用条件,除授项目组：《除授北宋文官制度研究种子集》，0.3.1-research.1，2026-07-13。
chs:evidence:usage-chaofeng-rank-link-scheme,chs:assertion:usage-chaofeng-lang-rank-link,chs:title-usage:chaofeng-lang-yuanyou,uses_rank,chs:rank:yuanfeng-chaofeng-lang,,reviewed,contextual_inference,medium,chs:passage:song-shi-169-yuanfeng-yuanwailang-crosswalk,新官　旧官：朝请郎，前行员外郎、侍御史；朝散郎，中行员外郎、起居舍人；朝奉郎，后行员外郎、左、右司谏；承议郎，左、右正言、太常、国子博士。,chs:source:song-shi,《宋史》,chs:edition:song-shi-wikisource-zh-hans,chs:locator:song-shi-169-yuanfeng-crosswalk,《宋史》卷169元丰寄禄格与换官表,https://zh.wikisource.org/zh-hans/宋史/卷169#文官,supports,contextual_inference,indirect,0.3.1-research.1,CC BY 4.0；第三方短引文仍遵循各来源标注的权利和引用条件,除授项目组：《除授北宋文官制度研究种子集》，0.3.1-research.1，2026-07-13。
